region,type,e,n,var,p50,p250,p500,p750,p950
0,0,25649,328383394,2,1.8,10,22,38.6,63.2
0,0,25648,328383389,1,0.4736613196965972,0.4841280537637101,0.4945499744593358,0.5101447320173047,0.5332868961298962
0,0,25648,328383389,3,0.1766860078601856,0.3113655217951602,0.4021634613547546,0.4381775234029185,0.4740434471858254
0,0,25558,328041439,4,983,1592,7001,8019,24525
0,0,25593,328351717,5,2.2260000705718994,4.762635001374759,6.526999950408936,8.567639077931014,10.860358026047882
0,0,25609,328364723,6,56.77057474617247,63.75770568847656,67.56868743896484,75.26679177538931,78.0422667116389
0,0,25620,328374440,8,0.0400506190602984,0.093801903773205,0.2046167490202975,0.4194978320914368,0.630235708444725
0,0,25620,328374440,9,0.0208078210689782,0.0312721712686151,0.125955158442359,0.221763003861964,0.7674814040184668
0,0,25620,328374440,7,0.0079153688090077,0.0525810452597333,0.1832146060725639,0.4794107476533791,0.8750244257782651
0,2,15254,123812554,2,2.3000000000000003,12.4,27.1,45,66.9
0,2,15253,123812549,1,0.4759592753567029,0.4841280537637101,0.492835768701561,0.5048840233686797,0.5243408693004697
0,2,15253,123812549,3,0.1380161795275467,0.2214274216517008,0.2685325585726157,0.3527021795520481,0.4641125482811197
0,2,15165,123470732,4,1074,4862,7834,14457,43324
0,2,15200,123781010,5,2.136049985885621,4.837271424823072,7.17488772349166,8.02271018341725,13.081267356872557
0,2,15214,123793883,6,56.77057474617247,66.21686378981357,71.85870480033074,77.13458064465806,80.79463336734858
0,2,15225,123803600,8,0.0347896650380829,0.1865558299198573,0.3768725158982737,0.5883474155588135,0.7054134998955024
0,2,15225,123803600,9,0.0022748809712122,0.0313835622664871,0.0855322393877637,0.2285855372701555,0.7674814040184668
0,2,15225,123803600,7,0.0043820422697494,0.0520043413582307,0.1347877621420623,0.2101891975885198,0.4194830961316402
0,3,7361,64025043,2,2,11,24.8,42.6,65.4
0,3,7361,64025043,1,0.4733101912494902,0.4841280537637101,0.4927890259023154,0.5021248478108288,0.5239570123555474
0,3,7361,64025043,3,0.1763397093864982,0.2281695064976475,0.3437394068628467,0.4285808110087915,0.4725315217260767
0,3,7344,64023607,4,983,2804,5210,13228,17618
0,3,7349,64023710,5,1.966806588586454,4.4370821238797,6.285942544274231,7.667605876922606,9.629308207883444
0,3,7350,64023710,6,52.405422210693374,63.24147968417126,67.94742872675991,74.63476010962738,78.0422667116389
0,3,7356,64024971,8,0.0332797510579405,0.1822448828443751,0.3943569211736606,0.5260709114868553,0.717973396284148
0,3,7356,64024971,9,0.0022748809712122,0.0290380588931783,0.1172579349667136,0.267305047759812,0.8159842113919713
0,3,7356,64024971,7,0.0020718194721746,0.0302253351967406,0.1390406165098896,0.20710639167909,0.38922362100563
0,8,1372,495465,2,2.7,13.5,29.3,47.1,67.9
0,8,1372,495465,1,0.4781528413926154,0.4887148130495624,0.4917548055027919,0.500244258812033,0.5230288229433344
0,8,1372,495465,3,0.1763397093864958,0.1936828075608919,0.2630623956690481,0.3289307098742272,0.4613236895004013
0,8,1362,494973,4,2113,6028,11883,15142,21249
0,8,1363,495073,5,3.7323772634199295,4.83474435307966,6.777898928797898,7.189591905957635,10.827300071716309
0,8,1363,495073,6,63.89679718017579,69.84840393066406,72.57189787445331,77.56728801361896,77.70138224210915
0,8,1371,495403,8,0.0306340966923771,0.146886964003797,0.2760065419575886,0.4606805972794189,0.6484164653932414
0,8,1371,495403,9,0.026288636402471,0.0702424766197323,0.2285726367140599,0.3530377718837296,0.7350714355981285
0,8,1371,495403,7,0.010452744295002,0.0217312371265217,0.1306083195476162,0.1475795683325696,0.3430016643250698
0,6,1197,2530266,2,3.7,18.6,35.7,54.6,72.2
0,6,1197,2530266,1,0.4965271730472529,0.5048840233686795,0.5048840233686797,0.5066315218253774,0.5145225342117676
0,6,1197,2530266,3,0.1467195671010898,0.1814385944876771,0.1949369290586445,0.1949369290586445,0.2541295074655046
0,6,1197,2530266,4,14873,48199,79189,89860,97087
0,6,1197,2530266,5,7.77555086485162,12.819819045117669,13.272536277770996,13.415413856506344,14.171437221808269
0,6,1197,2530266,6,74.65423109609043,78.4944076538086,80.09059143066406,81.04399871826173,83.16049933106243
0,6,1196,2530217,8,0.0393770159345484,0.0417873177787733,0.0465835587671382,0.1530186899068916,0.4091356240678224
0,6,1196,2530217,9,0.0267362440873404,0.0587655141844327,0.0602298371456753,0.1241079261947505,0.2459896824484303
0,6,1196,2530217,7,0.0768068731132756,0.4100418097433231,0.7563136258283284,0.8435642070943561,0.8477336654791827
0,4,4222,44519441,2,3,15,30.5,48.2,68.7
0,4,4221,44519436,1,0.4770694541075305,0.486105535701703,0.4902424462129303,0.5065121293543364,0.5264575813475373
0,4,4221,44519436,3,0.13151327762543,0.1763397093864876,0.2446720224974835,0.2919097646076556,0.4303549438117419
0,4,4165,44189074,4,1713,6377,10073,20520,46536
0,4,4192,44499081,5,4.818723433223599,6.83900022506714,7.633325493852162,8.591287612915039,13.271106719970708
0,4,4204,44502759,6,62.83555089302722,70.29949951171874,73.61317340694661,77.59497934076337,84.6020965576172
0,4,4200,44510670,8,0.0890729905183381,0.2425882142304183,0.5189097532358596,0.6224323234447854,0.752530964714081
0,4,4200,44510670,9,0.0075822804724745,0.0313835622664871,0.0447437350867519,0.1435047462661464,0.3275743452618337
0,4,4200,44510670,7,0.0250001351250727,0.0657132261323891,0.1347877621420623,0.2101891975885198,0.4022487582115865
0,1,10395,204570840,2,1.6,8.8,19.6,34.4,59.5
0,1,10395,204570840,1,0.4736613196965972,0.4781528413926153,0.4945499744593358,0.513853384768206,0.5332878833329227
0,1,10395,204570840,3,0.3131312857757748,0.3131312857757748,0.4031045551518581,0.4473742455999937,0.4740434471858254
0,1,10393,204570707,4,983,1552,7001,8019,8019
0,1,10393,204570707,5,2.2260000705718994,4.310178353856465,6.526999950408936,10.860358026047882,10.860358026047882
0,1,10395,204570840,6,56.77057474617247,63.06070491275024,67.56868743896484,75.26679177538931,75.26679177538931
0,1,10395,204570840,8,0.0400506190602984,0.0400506190602984,0.1417973366542662,0.3266445752780686,0.5345256447949615
0,1,10395,204570840,9,0.021828398680102,0.021828398680102,0.125955158442359,0.221763003861964,0.8150914533677958
0,1,10395,204570840,7,0.0112261405649408,0.0554226125962632,0.4794107476533791,0.8750244257782651,0.8750244257782651
0,5,440,8459083,2,2.7,12.9,26.8,44.5,66.4
0,5,440,8459083,1,0.4706328789573884,0.4917548055027918,0.4993140200800172,0.4994555128267387,0.5171416899321885
0,5,440,8459083,3,0.1957109754084583,0.2381072050304173,0.2850683930928099,0.3405084185606689,0.3922329428841745
0,5,437,8449820,4,1799,3939,9769,24525,24525
0,5,439,8449888,5,2.136049985885621,5.144848711414586,7.9470887184143075,8.391136169433596,9.283103942871094
0,5,440,8459083,6,61.37839508056642,69.08055839669473,72.03387266549792,75.78440093994142,77.46067754095054
0,5,440,8459083,8,0.147709696501531,0.2770503989210364,0.3044358132672817,0.4253802859815379,0.6367901392275641
0,5,440,8459083,9,0.022499284657556,0.08532811107721,0.1953198440720797,0.2398836314676323,0.4020165823656149
0,5,440,8459083,7,0.0184963969565351,0.0562804129906867,0.0576905157586538,0.1789028963884471,0.334398140119532
0,7,392,1950789,2,1.4,7.9,18,32.7,58.1
0,7,392,1950789,1,0.4481964701895233,0.4706352649737618,0.4945725408154019,0.49587604258628,0.5058706926375199
0,7,392,1950789,3,0.392227389822279,0.4137520680136372,0.4423040417452164,0.4637810148127489,0.4641121543743727
0,7,392,1950789,4,983,1083,2379,2503,10484
0,7,392,1950789,5,1.8282614042469028,1.9031352996826167,2.576155744714011,3.776843677571701,7.509613990783691
0,7,392,1950789,6,52.38926315307617,55.50438470446165,62.46599960327146,63.24151691030201,72.0217093171199
0,7,392,1950789,8,0.0155848367949878,0.0436083489831336,0.0518947518863,0.2472397082146597,0.4161487166784288
0,7,392,1950789,9,0.0945715416465095,0.2672393823680652,0.4045484334284039,0.7557132046949964,0.8237763792440183
0,7,392,1950789,7,0.0015800512283988,0.0033485775835476,0.0079377975371388,0.1074609166327864,0.1686398117990165
0,9,114,147399,2,2.1,11,24.200000000000003,40.8,65.3
0,9,114,147399,1,0.43846985440929,0.470634255529443,0.4836955732082018,0.498760063565717,0.5045325696772835
0,9,114,147399,3,0.1842815104105798,0.2546627823539801,0.3527582286005058,0.3911042529205804,0.4617838819657232
0,9,114,147399,4,1610,2714,5861,13555,49057
0,9,114,147399,5,2.136043986643376,3.325078010559081,3.732377263419937,7.593201050728911,13.353412628173825
0,9,114,147399,6,61.378417378444375,62.40296754343589,71.86209396019244,73.76359558105467,78.74375280804847
0,9,114,147399,8,0.0982269246291685,0.1680051423304306,0.2589920722601267,0.3510649983068053,0.6450047868851749
0,9,114,147399,9,0.0063178071637328,0.0702672578492785,0.2021396036859682,0.294563121743693,0.447207118471526
0,9,114,147399,7,0.0093447649940876,0.0659351285886274,0.076626872239034,0.1424644759063923,0.2940918791168039
8,0,7083,85184830,2,1.4,7.5,17,31.9,58.6
8,0,7083,85184830,1,0.473461691080979,0.5043242930910484,0.5158346526930219,0.5234043846895216,0.533288917502088
8,0,7083,85184830,3,0.3969552156694146,0.4381772142884262,0.4613239247183883,0.4688838435352819,0.4769905010495565
8,0,7083,85184830,4,836,1008,1420,2173,4907
8,0,7083,85184830,5,1.6239999532699587,3.2409999370574947,5.895319829131922,6.5472978397271575,6.770105595257392
8,0,7083,85184830,6,52.445909029861276,56.77057474617247,61.95281261645199,64.37361910014506,68.43789419394835
8,0,7076,85182633,8,0.0332797510579405,0.1328833795404989,0.3011306649327562,0.4194978320914368,0.5916179770540774
8,0,7076,85182633,9,0.0699560140588894,0.1946478952110198,0.2127938695867771,0.3216053973170165,0.8159842113919713
8,0,7076,85182633,7,0.0020718194721746,0.0112261405649408,0.02615908108434,0.1867448240711592,0.2236216793018849
8,2,2707,27242500,2,1.4,7.6,17.3,32.4,58.400000000000006
8,2,2707,27242500,1,0.4545023271627567,0.4949420083061386,0.4966805918900467,0.5104914028286028,0.5290249649640713
8,2,2707,27242500,3,0.3692185975640223,0.4282807564472565,0.4613236895004013,0.4640136029737913,0.4837471440761308
8,2,2707,27242500,4,755,1089,1537,2993,5281
8,2,2707,27242500,5,1.8282479149646715,2.814560203584454,3.9364743232727055,5.914000034332275,8.372185950501498
8,2,2707,27242500,6,51.292999267578125,56.799168056520045,61.77947159604576,63.62826369842572,72.02170931711997
8,2,2700,27240303,8,0.0156009459406298,0.0430316211405134,0.1006031898298596,0.4129399446977246,0.7194618921919277
8,2,2700,27240303,9,0.0529453379636012,0.20806443386562,0.3020802537909268,0.7674610969090334,0.8384155366975082
8,2,2700,27240303,7,0.0015800512283988,0.0068360900533203,0.022043711189255,0.0536854961204762,0.2236216793018849
8,3,1605,22215087,2,1.4,7.6,17.3,32.5,58.5
8,3,1605,22215087,1,0.4545023271627567,0.4945725408154019,0.4959154083415124,0.5100932083147091,0.5290249649640713
8,3,1605,22215087,3,0.3574301247986309,0.4282807564472565,0.4615719612496917,0.4640129544405587,0.4845973385022178
8,3,1605,22215087,4,755,1076,1566,3634,5550
8,3,1605,22215087,5,1.550334606235645,2.510107128564848,3.9364743232727046,5.914000034332275,9.129273807931154
8,3,1605,22215087,6,50.96961212158203,56.77057474617247,61.37929153442384,64.0564196779522,72.02170931711997
8,3,1605,22215087,8,0.0156009459406298,0.0429478575884791,0.0855004704411965,0.4021144184386874,0.7299149647800981
8,3,1605,22215087,9,0.0356622024340241,0.20806443386562,0.3216053973170165,0.7674814040184668,0.949054891394707
8,3,1605,22215087,7,0.0015020223788247,0.006220343293427,0.022043711189255,0.0520043413582307,0.2342539948459995
8,8,104,65860,2,1.4,7.800000000000001,17.3,32.6,57.900000000000006
8,8,104,65860,1,0.4938074265492058,0.497981840364664,0.502593399233879,0.5127563725454167,0.533288917502088
8,8,104,65860,3,0.3785603103779258,0.4233340282803129,0.4592493308970227,0.4615021959776766,0.4700672403301819
8,8,104,65860,4,875,2113,2540,4332,4402
8,8,104,65860,5,3.164842740475242,5.249035091163831,6.2519307859505044,6.547353535820346,6.815000057220458
8,8,104,65860,6,61.37900161743164,63.90689849853515,64.36548614501952,64.4116369896582,66.38506134349781
8,8,103,65798,8,0.0568600845278542,0.4021144184386874,0.5206298854495486,0.6451428391025372,0.6641519082166708
8,8,103,65798,9,0.0756143435638244,0.0965369534048738,0.1844529534391835,0.221763003861964,0.421879014170195
8,8,103,65798,7,0,0.0111777673005065,0.0198455390408566,0.1117013099950325,0.1867448240711592
8,6,18,8305,2,1.3,7.5,18.1,33.4,59.7
8,6,18,8305,1,0.4948070551024021,0.4958760425862801,0.4958760425862801,0.5072009173489437,0.5269336474885827
8,6,18,8305,3,0.2437981390073868,0.4369051624620939,0.463682594677172,0.463682594677172,0.463682594677172
8,6,18,8305,4,773,1029,1029,1396,22686
8,6,18,8305,5,2.576155744714012,2.576155744714012,2.576155744714012,4.37679160114572,12.730853589710902
8,6,18,8305,6,50.53099822998046,56.19346958382123,56.19346958382123,63.42777122825158,65.37356705327727
8,6,17,8256,8,0.043569723341873,0.043569723341873,0.043569723341873,0.1336731416579432,0.4129399446977246
8,6,17,8256,9,0.0948263420680296,0.4482458395970076,0.7557059725114814,0.7557059725114814,0.7557059725114814
8,6,17,8256,7,0.0031862846801829,0.0031862846801829,0.0031862846801829,0.0418289898768142,0.5680679495010295
8,4,702,3039399,2,1.4,7.9,17.5,31.8,57.6
8,4,702,3039399,1,0.49819093534853,0.5065121293543364,0.5072009173489437,0.5098806817820905,0.5196701657435088
8,4,702,3039399,3,0.3924837892991712,0.4303549438117419,0.4352016187474723,0.453383405071542,0.4721365476888911
8,4,702,3039399,4,946,1439,1658,1713,3512
8,4,702,3039399,5,2.4378854234798206,3.623040078064269,4.417336547104213,4.8187234332236,6.83900022506714
8,4,702,3039399,6,55.68603991710034,61.49366149373533,62.73539733886718,62.83555089302723,66.9555972229426
8,4,697,3037313,8,0.0219075743584588,0.0890729905183381,0.1939379670824581,0.5745528073676747,0.6673676902010176
8,4,697,3037313,9,0.0969712427593452,0.2344289134384108,0.2984095503062607,0.5009028417842639,0.6511575170656918
8,4,697,3037313,7,0.0045316872047937,0.0158863101705864,0.0324265608230805,0.0564821263098761,0.1151350209438949
8,1,4376,57942330,2,1.4,7.5,16.8,31.700000000000003,58.7
8,1,4376,57942330,1,0.4939530865297336,0.5104914940643105,0.5158346526930219,0.5332868961298962,0.533288917502088
8,1,4376,57942330,3,0.4021634613547546,0.4381778581156933,0.4613239247183883,0.4716174011179097,0.4740434471858254
8,1,4376,57942330,4,884,983,1420,1552,2731
8,1,4376,57942330,5,1.550334606235647,3.429344509591908,6.547193867268323,6.547353535820346,6.770105595257392
8,1,4376,57942330,6,53.45989016708916,56.77057474617247,62.08262252807617,64.37361910014506,65.8133968334967
8,1,4376,57942330,8,0.0436083489831336,0.2046167490202975,0.3943569211736606,0.4194978320914368,0.5345256447949615
8,1,4376,57942330,9,0.0699721964294568,0.1946478952110198,0.2104943131001462,0.2267424479038832,0.5827272508474486
8,1,4376,57942330,7,0.0070029376118846,0.0112261405649408,0.0509200755983591,0.1902979725874631,0.218360666147167
8,5,4,13875,2,1.8,8.8,17.6,33.800000000000004,58.6
8,5,4,13875,1,0.5127560500448591,0.5127560500448591,0.5127560500448591,0.5127560500448591,0.5127560500448591
8,5,4,13875,3,0.4233329237049766,0.4233329237049766,0.4233329237049766,0.4233329237049766,0.4233329237049766
8,5,4,13875,4,2507,2507,2507,2507,2507
8,5,4,13875,5,4.176581627781044,4.176581627781044,4.176581627781044,4.176581627781044,4.176581627781044
8,5,4,13875,6,66.38506134349781,66.38506134349781,66.38506134349781,66.38506134349781,66.38506134349781
8,5,4,13875,8,0.6451428391025372,0.6451428391025372,0.6451428391025372,0.6451428391025372,0.6451428391025372
8,5,4,13875,9,0.0874221736817112,0.0874221736817112,0.0874221736817112,0.0874221736817112,0.0874221736817112
8,5,4,13875,7,0.0779099063335244,0.0779099063335244,0.0779099063335244,0.0779099063335244,0.0779099063335244
8,7,246,1201981,2,1.3,7.4,17,31.6,57.6
8,7,246,1201981,1,0.4544990910222413,0.4945737082280397,0.49587604258628,0.49587604258628,0.5072008857146455
8,7,246,1201981,3,0.4137520680136372,0.4502294538686379,0.4636825946771719,0.4638184531345423,0.4641125482811197
8,7,246,1201981,4,983,1034,1099,2179,2613
8,7,246,1201981,5,1.8282614042469028,1.9668065885864563,2.576155744714011,3.980660332438628,4.670000076293946
8,7,246,1201981,6,50.95949554443359,55.50438470446164,56.40262124811199,63.24151691030201,72.0217093171199
8,7,246,1201981,8,0.0155848367949878,0.0332444159833788,0.0436083489831336,0.0518947518863,0.4148188535851161
8,7,246,1201981,9,0.0947686280214003,0.267310169676324,0.7557132046949964,0.8159842113919713,0.8237763792440183
8,7,246,1201981,7,0.0015800512283988,0.0032671570728526,0.0073471034637637,0.0200541247382264,0.0978991673454096
4,0,3337,5545183,2,3,14.8,29.6,47.400000000000006,68.2
4,0,3337,5545183,1,0.4810049052254602,0.4959162325439678,0.5026610634543225,0.5104441995974118,0.5277378758658062
4,0,3337,5545183,3,0.1560759108914211,0.188678036839387,0.2541718223990185,0.2947859501630568,0.3748785230081326
4,0,3334,5544369,4,2442,6462,11672,17914,21201
4,0,3334,5544369,5,3.732377263419938,7.077140398290986,7.955791764902738,9.305338821584575,12.53273391723633
4,0,3334,5544369,6,65.90137529030491,70.9303970336914,72.7650601656743,74.49103180891258,77.56729888916017
4,0,3333,5542438,8,9.677231693501e-4,0.0499024750779271,0.1605888400451964,0.3385562318603058,0.4969838991202198
4,0,3333,5542438,9,0.0650385960568208,0.0995158119798332,0.249838174593285,0.3207375235898689,0.5463489304150293
4,0,3333,5542438,7,0.0140919309447001,0.071283580953814707,0.1818872683483534,0.303490121032714,0.6546159113200871
4,2,2766,4951648,2,3,14.9,30,47.8,68.5
4,2,2766,4951648,1,0.4810049052254602,0.4953354388462607,0.5013660503661057,0.5098499725685284,0.5277378758658062
4,2,2766,4951648,3,0.1560759108914211,0.1845543976650734,0.2537898435578637,0.2947859669931973,0.374878523008133
4,2,2763,4950834,4,2614,7002,11672,18057,21595
4,2,2763,4950834,5,3.732377263419938,7.059628761751415,7.95579242033558,10.24822177881284,12.53273391723633
4,2,2763,4950834,6,65.90137529030491,71.55445194197026,72.82594894633056,74.7166976928711,77.56729888916017
4,2,2762,4948903,8,9.363535864576e-4,0.0499024750779271,0.141818856102399,0.3385562318603058,0.526103793060343
4,2,2762,4948903,9,0.0702424766197323,0.1017449767256626,0.2531356677071005,0.3160067448549712,0.5169663508499077
4,2,2762,4948903,7,0.0132266495646504,0.063121948297323,0.1800627345510757,0.2957496263129346,0.677971849646745
4,3,1268,2006553,2,2.7,13.9,28.200000000000003,45.1,67.2
4,3,1268,2006553,1,0.4810049052254602,0.4959162377594277,0.5026610634543225,0.5098499725685284,0.5312963899536713
4,3,1268,2006553,3,0.1773513703555945,0.2071509878240991,0.2737979170984885,0.2947859501630568,0.374878523008133
4,3,1267,2005993,4,5861,10673,11962,18687,21201
4,3,1267,2005993,5,3.732377263419938,7.174888078314275,7.955792094476017,9.060805609753324,11.212234412600482
4,3,1267,2005993,6,69.29884509852108,71.80653742869463,72.7650601656743,74.49103180891258,76.65223544731356
4,3,1268,2006553,8,6.498030480673e-4,0.0226421296171715,0.074768420956009607,0.1680120354313382,0.3385512771726206
4,3,1268,2006553,9,0.0702672578492785,0.0995158119798332,0.2380539767783875,0.3476579301234635,0.5860010689121599
4,3,1268,2006553,7,0.0195322787367422,0.1102850353408046,0.2609045226462733,0.4765161014313167,0.6208656853403192
4,8,276,70320,2,2.4000000000000004,12.2,25.5,42.2,65.5
4,8,276,70320,1,0.4741143703350506,0.48100490522546,0.5008386061430369,0.517701943442134,0.52249734266893
4,8,276,70320,3,0.1899209156557306,0.2465022328330656,0.3066413761376074,0.3748785230081326,0.374878523008133
4,8,275,70316,4,5567,5567,9796,13961,20488
4,8,275,70316,5,3.7323772634199295,3.732377263419938,6.276004991636289,8.216331705835454,9.060805609753324
4,8,275,70316,6,69.29884509852111,70.64336468408167,71.86209396019244,73.33183461555548,74.87191772313963
4,8,276,70320,8,0.0374638506744037,0.1070779089917504,0.1680051423304306,0.1680120354313382,0.2897581477195319
4,8,276,70320,9,0.0437652677142225,0.0702424766197323,0.183287533124394,0.3983132027785818,0.5055330135153543
4,8,276,70320,7,0.0291963148713263,0.0730732469445911,0.076626872239034,0.2563132826496971,0.3874795715856707
4,6,152,58078,2,3.6,17.7,33.800000000000004,52.3,71
4,6,152,58078,1,0.5036287329312736,0.5059721012971857,0.5088843330152353,0.5088843330152353,0.5188496700625188
4,6,152,58078,3,0.1855500561163223,0.188678036839387,0.188678036839387,0.206798491810574,0.2712221125894379
4,6,152,58078,4,13500,23382,28834,28834,29511
4,6,152,58078,5,7.967431067521631,10.120012867717447,11.399231943584452,11.399231943584452,11.399231943760316
4,6,152,58078,6,70.444455488109,77.50849914550781,79.22937602768283,79.22937602768283,79.22937602923103
4,6,152,58078,8,0.052087989413391,0.079793726283968,0.079793726283968,0.2155491797667389,0.268783619255417
4,6,152,58078,9,0.0760937266123509,0.1647430417224387,0.2459896824484303,0.2459896824484303,0.3208143551539991
4,6,152,58078,7,0.0841216622855311,0.134540939458629,0.2759586420387608,0.2759586420387608,0.6030001365513982
4,4,913,2435762,2,3.3000000000000003,16.5,32.5,50.400000000000006,69.60000000000001
4,4,913,2435762,1,0.4810049052254602,0.4959162325439678,0.5037251370179373,0.5107011038548562,0.5277378758658062
4,4,913,2435762,3,0.1486216273208362,0.1708679416306689,0.1893562681234314,0.2737979170984885,0.3311823252458203
4,4,913,2435762,4,4668,6462,10916,18472,21595
4,4,913,2435762,5,5.787411663831859,7.174888016030377,8.58325786412806,12.03968591256282,12.956833224962088
4,4,913,2435762,6,69.29884509852111,71.662465518419907,73.39759826660156,77.56729888916014,77.56729888916017
4,4,909,2433017,8,0.0089304619484622,0.0679238725229625,0.2151278071024543,0.4008706507257977,0.4730650405999704
4,4,909,2433017,9,0.0702918422829537,0.2128780519271984,0.2807116861014519,0.3207375235898689,0.4928839767827506
4,4,909,2433017,7,0.0132266495646504,0.0473564696003932,0.1479024202895851,0.286972384959566,0.7226109078925828
4,1,571,593535,2,2.9000000000000004,14.2,27.1,43.2,65.7
4,1,571,593535,1,0.4981851025774997,0.5051515172745625,0.5096468477204984,0.5104964435894462,0.521144083060157
4,1,571,593535,3,0.2089530985857408,0.2410088136994527,0.2695861540894053,0.2695861590862168,0.3152233348322294
4,1,571,593535,4,2327,4263,10039,17559,18993
4,1,571,593535,5,4.421000003814697,7.077140398290989,7.134779431285389,8.904252362476107,9.05197079407025
4,1,571,593535,6,61.12361169084732,61.1236116939185,70.56931939133784,73.23518750311679,74.96735729523238
4,1,571,593535,8,0.0449704052624164,0.1471533271908706,0.2131339914080792,0.2656405667118231,0.427918744956732
4,1,571,593535,9,0.0650329574949299,0.0650385960568208,0.1855737848407022,0.3290968848421108,0.61161773843956
4,1,571,593535,7,0.0235131501180331,0.1086991968233252,0.3330937982790342,0.4970992042006859,0.4971235554052185
4,5,51,273769,2,2.5,12.2,24.200000000000003,43.2,65.7
4,5,51,273769,1,0.4841994808869976,0.4841994808869976,0.4841994808869976,0.4841994808869976,0.5148586242638342
4,5,51,273769,3,0.2723299721560441,0.3075003767095328,0.3075003767095328,0.3075003767095328,0.3349449201855877
4,5,51,273769,4,2442,2442,2442,2442,11628
4,5,51,273769,5,4.619755889054451,4.619755889054451,4.619755889054451,4.619755889054451,8.748795382085316
4,5,51,273769,6,65.90137529030491,65.90137529030491,65.90137529030491,65.90137529030491,73.65283579826635
4,5,51,273769,8,0.0895399660511607,0.56705975388593,0.56705975388593,0.56705975388593,0.56705975388593
4,5,51,273769,9,0.0109163277445545,0.0747790522806275,0.0747790522806275,0.0747790522806275,0.2482766091346542
4,5,51,273769,7,0.0302356826703299,0.0447009930555771,0.0447009930555771,0.0447009930555771,0.1012679143969462
4,7,33,8188,2,3.2,15.5,30.200000000000003,47.5,68.8
4,7,33,8188,1,0.4981851025774995,0.5130730641698164,0.5130730641698164,0.5130730641698164,0.5130730641698164
4,7,33,8188,3,0.2312841018280214,0.2312841018280214,0.2312841018280214,0.2312841018280214,0.2589499665594827
4,7,33,8188,4,12348,12414,12414,12414,15138
4,7,33,8188,5,6.374725799051211,6.374725799051211,6.374725799051211,6.374725799051212,8.689147127046576
4,7,33,8188,6,69.57350631215759,72.04734898883989,72.04734898883989,72.04734898883989,73.30708957669299
4,7,33,8188,8,0.0596898719280375,0.0596898719280375,0.0596898719280375,0.0596898719280375,0.1450946230142195
4,7,33,8188,9,0.0832318363065666,0.0832318363065666,0.0832318363065666,0.1017858395467575,0.5231483002980305
4,7,33,8188,7,0.1572925876850038,0.213115112410346,0.213115112410346,0.213115112410346,0.2563132826496971
4,9,37,48690,2,1.9,10.1,21.6,36.8,61.5
4,9,37,48690,1,0.48100490522546,0.48100490522546,0.4810049052254602,0.498760063565717,0.5052373250875823
4,9,37,48690,3,0.2680304589240744,0.3527582286005058,0.3748785230081326,0.3748785230081329,0.374878523008133
4,9,37,48690,4,5567,5567,6028,13188,18863
4,9,37,48690,5,3.7323772634199295,3.7323772634199295,3.732377263419938,6.062190991856146,8.01288318634033
4,9,37,48690,6,69.29884509852108,69.29884509852111,71.86209396019244,72.60945884055496,73.19517330671225
4,9,37,48690,8,0.1605888400451964,0.1605888400451964,0.1680051423304306,0.1680120354313382,0.2959458734649762
4,9,37,48690,9,0.0695132051917929,0.0702424766197323,0.0712376363091954,0.2579076318365724,0.3407136183167945
4,9,37,48690,7,0.0433919253191414,0.0730732469445911,0.0748436363946888,0.1019900599826973,0.1133453745911732
1,0,2551,43606030,2,2.5,12.9,26.5,42.8,64.60000000000001
1,0,2551,43606030,1,0.4512684620071324,0.4831990809377161,0.4891492967223595,0.4902424462129298,0.5194653802866658
1,0,2551,43606030,3,0.1949852000397204,0.2408532955415302,0.2685325585726157,0.3443111282579791,0.4056765974551206
1,0,2551,43606030,4,2407,4862,5916,7834,14285
1,0,2551,43606030,5,2.136049985885621,4.4370821238797,6.229870456661589,7.633325493852418,9.629308207883444
1,0,2551,43606030,6,62.059097290039055,66.21686378981357,70.24604511623517,72.76587076423664,78.0422667116389
1,0,2551,43606030,8,0.1822448828443751,0.5260709114868553,0.5984531972572037,0.6224323234447854,0.6914942150430783
1,0,2551,43606030,9,0.0022748809712122,0.0208078210689782,0.0313257890133828,0.0387000652518626,0.4020165823656149
1,0,2551,43606030,7,0.019445472989724,0.0657132261323891,0.1390406165098896,0.2105248408633052,0.38922362100563
1,2,2075,40897143,2,2.6,13.2,27.1,43.3,64.9
1,2,2075,40897143,1,0.4740706090525881,0.4835692337213098,0.4891778243353247,0.4902424462129298,0.5194653802866658
1,2,2075,40897143,3,0.1949852000397204,0.2322995118019387,0.2685325585726157,0.3437394068628467,0.3518838586576735
1,2,2075,40897143,4,4434,4862,6299,7834,14285
1,2,2075,40897143,5,3.3572338533338875,4.762635001374759,6.375316678647564,7.633325493852418,9.629308207883444
1,2,2075,40897143,6,65.3582918039648,66.30230156020376,70.25969507867916,73.26822016318826,78.0422667116389
1,2,2075,40897143,8,0.1865558299198573,0.5260709114868553,0.6010851974035247,0.6245654717783227,0.6914942150430783
1,2,2075,40897143,9,0.0022748809712122,0.0208078210689782,0.0313257890133828,0.0374990316028795,0.1510383653027734
1,2,2075,40897143,7,0.0304352500578911,0.068818802589877,0.1390406165098896,0.2274883265381293,0.38922362100563
1,3,1221,22142595,2,2.4000000000000004,12.8,26.8,43.2,65.2
1,3,1221,22142595,1,0.4782375904284417,0.4835692127522699,0.4841280537637101,0.490242446212929,0.5194653802866658
1,3,1221,22142595,3,0.1949852000397202,0.2281695064976475,0.2821563606731104,0.3443111282579791,0.3443111282579791
1,3,1221,22142595,4,4693,4862,5528,10405,14285
1,3,1221,22142595,5,3.3572338533338875,4.4370821238797,6.229870456661589,7.799983721011932,9.629308207883444
1,3,1221,22142595,6,65.99060424542067,66.21686378981357,67.94742872675991,72.76587076423664,78.0422667116389
1,3,1221,22142595,8,0.1822448828443751,0.5211203935845722,0.5260709114868553,0.6245654717783227,0.7277408060774233
1,3,1221,22142595,9,0.0022748809712122,0.0022748809712122,0.0225123113847574,0.0334724143818069,0.046614696985878
1,3,1221,22142595,7,0.0525810452597333,0.1347877621420623,0.1988071684337602,0.38922362100563,0.38922362100563
1,8,221,93733,2,2.4000000000000004,12.2,25.200000000000003,41.1,63.3
1,8,221,93733,1,0.4442188025372228,0.4891778243353291,0.4891778243353291,0.4980858912039465,0.5382922008132786
1,8,221,93733,3,0.2576576634433509,0.2685325585726092,0.2685325585726092,0.3144286600099386,0.4337653266088829
1,8,221,93733,4,2039,5384,7055,7055,12231
1,8,221,93733,5,2.923710823059082,6.447037564304581,6.777898928797898,6.799117696789328,10.86254375138408
1,8,221,93733,6,61.48285866886397,69.7222288814596,73.18446746082901,73.43586343529988,73.43586343529988
1,8,221,93733,8,0.1736755831418617,0.3491840321141861,0.609098903260158,0.609098903260158,0.8012814420168408
1,8,221,93733,9,0.0161250921930826,0.0313630909458137,0.0313630909458137,0.1336416309958929,0.4177475473970931
1,8,221,93733,7,0.0011448365398024,0.0397772128197464,0.1306083195476162,0.1306083195476162,0.1306083195476162
1,6,35,6847,2,2.1,10.4,24.3,39.8,62.6
1,6,35,6847,1,0.48089473208762,0.48089473208762,0.48089473208762,0.5062800680183728,0.5074144376230608
1,6,35,6847,3,0.2686379545832007,0.3419029668929235,0.3419029668929235,0.355244431022591,0.355244431022591
1,6,35,6847,4,2714,2714,2714,30087,30087
1,6,35,6847,5,2.151215660338537,2.151215660338537,2.151215660338537,12.484737579045532,12.484737579045532
1,6,35,6847,6,68.6838763738308,71.47851853173205,72.59207605512152,72.59207605512152,72.59207605512152
1,6,35,6847,8,0.2182488312120089,0.2561336756855055,0.6361197765810508,0.6361197765810508,0.6361197765810508
1,6,35,6847,9,0.0283184743972103,0.0283184743972103,0.0283184743972103,0.2205380957285934,0.2205380957285934
1,6,35,6847,7,0.0347441255143616,0.0347441255143616,0.0347441255143616,0.4282617179563196,0.4282617179563196
1,4,412,16602329,2,3,14.4,28.3,44.3,64.9
1,4,412,16602329,1,0.4830748359469346,0.4891778243353247,0.4891778243353331,0.4902424462129298,0.5084334576248278
1,4,412,16602329,3,0.2229456934600303,0.2446720224974768,0.2685325585726033,0.2685325585726157,0.295772422037281
1,4,412,16602329,4,5440,5843,6509,7655,10073
1,4,412,16602329,5,5.910768548009783,5.910768548009785,6.923697486872149,7.633325493852162,7.799983721011932
1,4,412,16602329,6,66.62369606952484,70.25969507867916,72.07943009608982,73.61317340694661,73.61317340694661
1,4,412,16602329,8,0.5595632416856089,0.6010851974035247,0.6224323234447854,0.6245654717783227,0.6914942150430783
1,4,412,16602329,9,0.0312531990204041,0.0313257890133828,0.0313835622664871,0.0387000652518626,0.0390880073731737
1,4,412,16602329,7,0.0304352500578911,0.0657132261323891,0.1347877621420623,0.1390406165098896,0.2101891975885198
1,1,476,2708887,2,1.8,8.9,18.9,33.300000000000004,58
1,1,476,2708887,1,0.4155670027516835,0.4435843032394621,0.4481964701895234,0.4553035420756894,0.4909192578951689
1,1,476,2708887,3,0.3487274739739576,0.394875935769182,0.4128212769744511,0.4336702954362511,0.4617838819657232
1,1,476,2708887,4,1861,2194,2540,2694,5610
1,1,476,2708887,5,1.856699630332011,1.9719610982975369,2.2079625129699703,2.9622104167938232,10.95385293916046
1,1,476,2708887,6,60.5006554514742,61.47139739990232,62.24935825566006,62.94452664088878,70.86954262881785
1,1,476,2708887,8,0.0889443140235504,0.101165665732195,0.3189408580892011,0.4731789440243344,0.6195640264954173
1,1,476,2708887,9,0.1201153460667833,0.2204006681071216,0.3791706864770419,0.6104080476841888,0.6157447995630394
1,1,476,2708887,7,0.0014575917652568,0.0024240193106707,0.0216866748566575,0.0533443459394286,0.2299159992352833
1,5,61,1321955,2,2,10.1,21.6,37,60.8
1,5,61,1321955,1,0.3906973731702143,0.4706328789573884,0.4706328789573884,0.4984325707002454,0.5382922102148047
1,5,61,1321955,3,0.2537769738007955,0.3082353771343633,0.3922329428841745,0.3922329428841745,0.4293989048584481
1,5,61,1321955,4,1799,1799,1804,5968,16205
1,5,61,1321955,5,2.136049985885621,2.136049985885621,2.207005344551153,5.297396688181731,8.581420938344706
1,5,61,1321955,6,61.37839508056642,61.37839508056642,64.43541717529297,69.08055839669473,73.02217061713876
1,5,61,1321955,8,0.147709696501531,0.2076494870501174,0.2491739742172018,0.2491739742172018,0.3909476794855713
1,5,61,1321955,9,0.1336361647962699,0.1336361647962699,0.4020165823656149,0.4020165823656149,0.5410950089089663
1,5,61,1321955,7,0.0121264048212801,0.0184963969565351,0.1254548178690185,0.1254548178690185,0.3342256324239631
1,7,45,649945,2,1.8,9,19.8,34.300000000000004,58.7
1,7,45,649945,1,0.4442188634032212,0.4642617404397728,0.4706352649737618,0.4706352649737618,0.479780342509621
1,7,45,649945,3,0.2281695064976475,0.392227389822279,0.392227389822279,0.4293983124091687,0.4423040417452164
1,7,45,649945,4,2069,2503,2503,2503,10484
1,7,45,649945,5,1.9031299452636377,1.9031352996826167,1.9031352996826167,1.9031352996826167,7.959316964011989
1,7,45,649945,6,61.81139755249024,62.46599960327146,62.46599960327146,62.46599960327149,74.45172319711692
1,7,45,649945,8,0.0889443140235512,0.2472397082146597,0.2472397082146597,0.3567124787610285,0.5211203935845722
1,7,45,649945,9,0.0238838053644847,0.207841049996468,0.4045484334284039,0.4045484334284039,0.6104046640093133
1,7,45,649945,7,0.0013951359052812,0.0079377975371388,0.1074609166327864,0.1074609166327864,0.2793652576292807
1,9,47,67893,2,1.8,9.8,21.5,36.6,61.2
1,9,47,67893,1,0.4162856571442327,0.4568690213779302,0.4612613734315841,0.4838041732108271,0.5026990394861612
1,9,47,67893,3,0.2160541361829996,0.3433659249043165,0.405677387588482,0.4137667079590877,0.4617838819657232
1,9,47,67893,4,1610,1610,2538,4654,13555
1,9,47,67893,5,2.041798114776612,2.730507059180074,3.325078010559081,3.3572330181774768,9.99958838970776
1,9,47,67893,6,60.843391418457024,61.47139739990232,61.49119100246724,68.12302644946413,74.68311832294447
1,9,47,67893,8,0.0897638009616693,0.2029713671585905,0.3263229527232436,0.3510649983068053,0.6450047868851749
1,9,47,67893,9,0.0063178071637328,0.2204006681071216,0.294563121743693,0.4269663100678061,0.6200446058427488
1,9,47,67893,7,0.0017773310909669,0.0277652589668441,0.0659351285886274,0.1333810334137757,0.2140588255502875
3,0,1238,705336,2,4.7,22.6,41.3,57.900000000000006,73.7
3,0,1237,705331,1,0.5010874560032863,0.5062414822681888,0.5145225342117676,0.5282964959382159,0.5521136034715212
3,0,1237,705331,3,0.1307229580219515,0.13958833571796,0.1479786148757276,0.1706207971686864,0.1861092346509541
3,0,1233,704911,4,18612,25496,36906,49232,63836
3,0,1233,704911,5,10.009879112243652,11.04602429209208,11.476301506990374,12.228595307464367,13.405883404690185
3,0,1233,704911,6,70.5780029296875,71.81415734415674,81.29250451698852,82.53600311279294,83.48279942948565
3,0,1233,705264,8,0.0546413882545287,0.1969030872001977,0.3200532354988944,0.4103417108772498,0.5121176705359786
3,0,1233,705264,9,0.0408620755139309,0.0871864407502494,0.1210952698949727,0.1716035949439051,0.254451969691665
3,0,1233,705264,7,0.0233441889434761,0.1246852252812436,0.2125485022308166,0.3102106917821459,0.5325168098449635
3,2,965,578335,2,4.7,22.4,41.400000000000006,57.900000000000006,73.9
3,2,964,578330,1,0.4984852959282424,0.5049459971894286,0.5118130965169571,0.5179619054646285,0.5403455758709412
3,2,964,578330,3,0.1307229580219515,0.1444707880263021,0.1479773534179906,0.1769929098438653,0.1987689249783333
3,2,960,577910,4,18567,30558,42667,55607,63836
3,2,960,577910,5,9.815879249492262,10.763335404499736,11.476301506990374,12.1090612063439,13.59224260094017
3,2,960,577910,6,68.95536987347931,80.26026648807111,81.6443812216183,82.7902362989059,83.48279942948565
3,2,960,578263,8,0.0546413882545287,0.1876258068265414,0.3132974859467544,0.3528315798405516,0.5121176705359786
3,2,960,578263,9,0.0407972450131344,0.0871864407502494,0.1390944738672458,0.1911200021145239,0.272120844169088
3,2,960,578263,7,0.0233441889434761,0.1288287913733911,0.2253756708629654,0.2937419519942157,0.5677605200579119
3,3,326,183448,2,4.3,21.6,40,57.400000000000006,73.3
3,3,326,183448,1,0.5028726108304479,0.5028726108304479,0.5116517402780366,0.5273988615075502,0.5408081050181036
3,3,326,183448,3,0.134079402088548,0.1578657615684419,0.1578657615684419,0.1773679046022572,0.2115734156278644
3,3,326,183448,4,16748,23412,45391,61992,61992
3,3,326,183448,5,10.391106605529783,11.690258767229016,12.1090612063439,12.44526820206568,13.755610337817924
3,3,326,183448,6,66.89004766199263,71.81415734415674,80.5322807813278,81.29250451698852,83.08682351494127
3,3,324,183436,8,0.0546413882545287,0.2636877849641002,0.3200532354988944,0.360393365279985,0.4858790416779637
3,3,324,183436,9,0.0608745067022241,0.1389780172859308,0.1454925099292249,0.1964859090446231,0.2242684861397163
3,3,324,183436,7,0.0782146529013529,0.1818264505775026,0.2534555518153258,0.2665516581282241,0.5677605200579119
3,8,110,6330,2,4.7,22.200000000000003,40.900000000000006,57.2,73.8
3,8,110,6330,1,0.4697260603792605,0.4915361992450527,0.5072081709800558,0.5173398941441468,0.5195598741788712
3,8,110,6330,3,0.1307146519716041,0.1309929259357543,0.1602939438555478,0.1813705924814351,0.1892651761622891
3,8,106,6049,4,32468,54645,61885,78415,94244
3,8,106,6049,5,10.280278949559085,11.298944226351528,13.29693375516142,13.658664703369142,13.767169952392578
3,8,106,6049,6,81.36864513737683,82.2544642364339,82.67819976806643,83.53620147705078,84.15226290283951
3,8,110,6330,8,0.011351640824534,0.0244863701499952,0.1454116453064758,0.2558506137318737,0.2932438988836262
3,8,110,6330,9,0.0038887569255469,0.052076420703339,0.080520831438187307,0.2230971833993633,0.369683011381313
3,8,110,6330,7,0.0079131620310602,0.0614261560828313,0.2354111521618576,0.5138239843757096,0.5325168098449635
3,6,255,241965,2,4.800000000000001,22.5,42.1,58,74.10000000000001
3,6,255,241965,1,0.4984852959282423,0.5049459971894286,0.5075797282772156,0.5145225342117676,0.5282964959382159
3,6,255,241965,3,0.131310231726489,0.13958833571796,0.1479773533250938,0.1814385944876771,0.1814391838812546
3,6,255,241965,4,21299,36083,39828,48199,55024
3,6,255,241965,5,9.755545088480943,10.050355676009357,10.818423228734384,11.476301506990374,12.109061206343895
3,6,255,241965,6,79.62860107421875,81.14830017089844,82.457819448155675,83.05509948730472,83.71971827869513
3,6,255,241965,8,0.0482262712269235,0.1248221923398773,0.3057175475626077,0.3528315798405516,0.466287558853133
3,6,255,241965,9,0.038814794728204,0.0934130073945547,0.1390944738672458,0.2222569486344262,0.2866696320717288
3,6,255,241965,7,0.0190494546121063,0.1288287913733911,0.2009684059791334,0.4100418097433231,0.6914644905278143
3,4,243,83182,2,4.9,23.200000000000003,42.2,58.3,74.3
3,4,242,83177,1,0.499225392978876,0.5092955474535631,0.5150289930840717,0.5150289930840717,0.5273988615075502
3,4,242,83177,3,0.1307229580219515,0.1307229580219515,0.1439147896373956,0.1756424856680054,0.1814385944876771
3,4,242,83038,4,26313,47400,63836,63836,94616
3,4,242,83038,5,11.000445733769425,11.09712471083408,11.109510421674448,13.378993056752178,13.59224260094017
3,4,242,83038,6,71.62400054931639,80.99314026561734,83.0988998413086,83.25022601557362,83.34680379778735
3,4,240,83122,8,0.1137930698890885,0.2008765267106966,0.3840201751093363,0.5121176705359786,0.5121176705359786
3,4,240,83122,9,0.0312008273006998,0.0871864407502494,0.0871864407502494,0.1816385735004139,0.2230971833993633
3,4,240,83122,7,0.0898280060860058,0.2253756708629654,0.2253756708629654,0.2481647381747296,0.4707598910024896
3,1,273,127001,2,4.6000000000000005,24,40.5,58.2,72.8
3,1,273,127001,1,0.5409047119980048,0.55020626082637,0.5521136034715212,0.5521136034715212,0.552113678153076
3,1,273,127001,3,0.1395870502496624,0.1395870502496624,0.1706207971686864,0.1706207971686864,0.1771903004503767
3,1,273,127001,4,18612,18612,30859,30859,30859
3,1,273,127001,5,11.425350631187206,11.425503263106394,12.872938046104474,12.872938046104474,12.872944335938564
3,1,273,127001,6,70.57937598474217,70.57937966668206,70.57937966668206,71.6238961461673,72.43810554959637
3,1,273,127001,8,0.3546932658986343,0.3882698250727226,0.5079892514434379,0.5079931208713205,0.5079931208713205
3,1,273,127001,9,0.0804794478499885,0.0804794478499885,0.1187404768891698,0.1187404768891698,0.1210952698949727
3,1,273,127001,7,0.1246852252812436,0.1246852252812436,0.1248780165634621,0.3102106917821459,0.3102106917821459
3,5,23,50024,2,5.1000000000000005,23.4,42.1,59.2,74.3
3,5,23,50024,1,0.5069213365283497,0.5218805369030952,0.5218805369030952,0.5218805369030952,0.5218805369030952
3,5,23,50024,3,0.1395883336217496,0.1444707880263021,0.1444707880263021,0.1444707880263021,0.1813705537409147
3,5,23,50024,4,23264,23264,23264,23264,56150
3,5,23,50024,5,11.099050446213717,11.476722822802108,11.476722822802108,11.476722822802108,11.777746086250437
3,5,23,50024,6,77.9833541441392,77.9833541441392,77.9833541441392,77.9833541441392,83.42088224500638
3,5,23,50024,8,0.1969030872001977,0.1969030872001977,0.1969030872001977,0.1969030872001977,0.3167292777715765
3,5,23,50024,9,0.0851566151455504,0.0851566151455504,0.0851566151455504,0.0851566151455504,0.2287728076083035
3,5,23,50024,7,0.0233441889434761,0.0233441889434761,0.0233441889434761,0.0233441889434761,0.25480247397079703
5,0,4612,144677056,2,1.7000000000000002,9.5,20.700000000000003,35.300000000000004,59.900000000000006
5,0,4612,144677056,1,0.4736613196965972,0.4736613196965972,0.4945499744593358,0.4945499744593358,0.5151495831291198
5,0,4612,144677056,3,0.3131312857757748,0.3131312857757748,0.4031045551518581,0.4031045551518581,0.4473742455999937
5,0,4612,144677056,4,1552,4804,7001,8019,8019
5,0,4612,144677056,5,2.3945506714943834,5.497000217437744,6.526999950408936,10.860358026047882,10.860358026047882
5,0,4612,144677056,6,63.06070491275024,67.56868743896484,67.56868743896484,75.26679177538931,75.26679177538931
5,0,4612,144677056,8,0.0400506190602984,0.0400506190602984,0.1417973366542662,0.1468298609530208,0.4631872721719519
5,0,4612,144677056,9,0.021828398680102,0.021828398680102,0.125955158442359,0.125955158442359,0.8150914533677958
5,0,4612,144677056,7,0.0303799872004775,0.1412369984299311,0.4794107476533791,0.8750244257782651,0.8750244257782651
5,2,997,6090703,2,2.5,12.4,25.8,43.6,66.3
5,2,997,6090703,1,0.4919938912783211,0.4966269393757402,0.4994555128267387,0.4994555128267387,0.533852241992474
5,2,997,6090703,3,0.2164994341243977,0.2381072050304173,0.2381072050304173,0.3414198032446935,0.4374500927166243
5,2,997,6090703,4,1860,3939,14122,24525,24525
5,2,997,6090703,5,2.757063922361355,4.310178470474602,8.391136169433596,8.391136169433596,8.42464828491211
5,2,997,6090703,6,65.04925277169086,71.23207253431977,75.78440093994142,75.78440093994142,77.80380249023436
5,2,997,6090703,8,0.064648187566449,0.3044358132672817,0.3044358132672817,0.4137883256903207,0.6585512802316792
5,2,997,6090703,9,0.0706422317932256,0.0896231530526192,0.1953198440720797,0.1953198440720797,0.6007258498931374
5,2,997,6090703,7,0.0321882318472189,0.0562804129906867,0.0562804129906867,0.2368469146200535,0.7369430752560168
5,3,525,1190382,2,1.6,8.8,19.5,35.7,61.5
5,3,525,1190382,1,0.4736613196965982,0.4966263334047729,0.5083820474241801,0.533852241992474,0.5338522419924748
5,3,525,1190382,3,0.3131312857757763,0.3414183224462243,0.4201943932143964,0.4374500927166243,0.4575938084766141
5,3,525,1190382,4,914,2079,2327,4450,14733
5,3,525,1190382,5,2.3945506714943834,2.757063922361355,3.080662627195664,4.310178382195777,8.346661971846114
5,3,525,1190382,6,62.51445531199604,66.67642211914061,67.97082961068732,70.43925618519981,71.60944798518705
5,3,525,1190382,8,0.0697690589954122,0.2138793301035099,0.2706790327696677,0.3413576847116767,0.6003559810651934
5,3,525,1190382,9,0.0573510167902549,0.123715439759512,0.5251886920903418,0.5388346462981778,0.8195155766457661
5,3,525,1190382,7,0.0258725573522287,0.0659298135603877,0.0807349743102284,0.1380608923562813,0.4159338744582357
5,8,41,4328,2,3.1,14.8,31.1,49,69.60000000000001
5,8,41,4328,1,0.4894388640329997,0.4981578532937569,0.4982821180289032,0.5004053043495214,0.5196384747238418
5,8,41,4328,3,0.1735040713424841,0.238107204348244,0.2381072062496596,0.2381072062496596,0.4473742455999941
5,8,41,4328,4,2132,16992,17809,20274,38610
5,8,41,4328,5,2.549003122721611,8.346669197082518,8.528138160705566,8.725125762598184,12.769191927618872
5,8,41,4328,6,63.4609929380912,72.47786669095444,76.06240081787111,77.53141021728516,79.36579895019531
5,8,41,4328,8,0.0244432271771341,0.1466251324066646,0.1514811099940685,0.2223872283056448,0.3676487480055579
5,8,41,4328,9,0.013349830334955501,0.0133498303349576,0.0712684810953901,0.1768474206697811,0.5521997892109505
5,8,41,4328,7,0.0120193862130427,0.074814424495535,0.0865375606720726,0.1204691115451225,0.5345085956224089
5,6,69,160752,2,2.8000000000000003,13,26.5,44.1,66.7
5,6,69,160752,1,0.4911772040840675,0.4966047126997265,0.4966047126997265,0.5035503663453786,0.5039360009867427
5,6,69,160752,3,0.2203507663763484,0.2381072044689714,0.2745950970407836,0.3420473030319169,0.3420473030319169
5,6,69,160752,4,4409,4409,14367,37810,42329
5,6,69,160752,5,5.144848711414578,5.144848711414578,7.77555086485162,9.128946897269245,13.113310403918332
5,6,69,160752,6,72.03387266549792,72.1110719720434,75.97437713888903,76.55620033326244,81.77602068800073
5,6,69,160752,8,0.2697456859657414,0.334799219814731,0.3926976000975759,0.595822991458424,0.595822991458424
5,6,69,160752,9,0.0529751255392086,0.0829075300414383,0.0829075300414383,0.1400785855700047,0.1822762886598645
5,6,69,160752,7,0,0.0648191716112464,0.1327864759879095,0.2231501113312344,0.4990739975211841
5,4,170,170528,2,2.2,11,23.700000000000003,37.5,60.6
5,4,170,170528,1,0.3025928303812376,0.453440079625334,0.4894388640329997,0.4966269745758618,0.5132473229771017
5,4,170,170528,3,0.1836825812041261,0.2722224680576031,0.3504113521605621,0.3513076859621304,0.4167075754803289
5,4,170,170528,4,944,1448,1971,17725,36612
5,4,170,170528,5,2.400692754456501,3.6670000553131095,3.6670000553131104,7.463985443115234,11.654040336608888
5,4,170,170528,6,62.73483735083461,66.676422119140625,67.53510284423828,71.91120147705078,77.9658966064453
5,4,170,170528,8,0.0185635959908872,0.0187345098104173,0.07021098715463,0.4126993101704064,0.5701479137666303
5,4,170,170528,9,0.08532811107721,0.1061217063127702,0.6100827687899427,0.7406084147468727,0.8643635490777092
5,4,170,170528,7,0.0047842254003051,0.0385706854775801,0.0526967224508629,0.3300287926100617,0.3790518012698111
5,1,3615,138586353,2,1.7000000000000002,9.4,20.5,34.9,59.5
5,1,3615,138586353,1,0.4736613196965972,0.4736613196965972,0.4945499744593358,0.4945499744593358,0.5151495831291198
5,1,3615,138586353,3,0.3131312857757748,0.3131312857757748,0.4031045551518581,0.4031045551518581,0.4473742455999937
5,1,3615,138586353,4,1552,7001,7001,8019,8019
5,1,3615,138586353,5,2.2260000705719,5.704999923706055,6.526999950408936,10.860358026047882,10.860358026047882
5,1,3615,138586353,6,63.06025679866116,67.56868743896484,67.56868743896484,75.26679177538931,75.26679177538931
5,1,3615,138586353,8,0.0400506190602984,0.0400506190602984,0.1417973366542662,0.1468298609530208,0.3719370408256422
5,1,3615,138586353,9,0.021828398680102,0.021828398680102,0.125955158442359,0.125955158442359,0.8150914533677958
5,1,3615,138586353,7,0.0303799872004775,0.3254509073088196,0.4794107476533791,0.8750244257782651,0.8750244257782651
5,5,124,4179246,2,3,13.7,27.9,45.6,67.2
5,5,124,4179246,1,0.4966047126997265,0.4966269393757402,0.4994555128267387,0.4994555128267387,0.4994555128267387
5,5,124,4179246,3,0.2381072050304173,0.2381072050304173,0.2381072050304173,0.3394244779830297,0.3420473030319167
5,5,124,4179246,4,3801,4176,24525,24525,24525
5,5,124,4179246,5,4.293000221252442,5.144848711414586,8.391136169433596,8.391136169433596,8.391136169433596
5,5,124,4179246,6,70.1237106323242,72.03387266549792,75.78440093994142,75.78440093994142,75.78440093994142
5,5,124,4179246,8,0.2829020274449952,0.3044358132672817,0.3044358132672817,0.4631872721719519,0.6585512802316792
5,5,124,4179246,9,0.0706422317932256,0.08532811107721,0.1953198440720797,0.1953198440720797,0.1953198440720797
5,5,124,4179246,7,0.0562804129906867,0.0562804129906867,0.0562804129906867,0.1259621460795996,0.334398140119532
5,7,65,85236,2,1.4,7.9,18,33.4,57
5,7,65,85236,1,0.4934769633029662,0.4934769633029662,0.4934769633029662,0.4988861507341348,0.4988861507341348
5,7,65,85236,3,0.4284151397754142,0.4284151397754142,0.4284151397754142,0.4343159613235675,0.4343159613235675
5,7,65,85236,4,12414,12771,12962,12962,12962
5,7,65,85236,5,7.137632846832274,7.137632846832274,7.509613990783691,7.509613990783691,7.6676058769226065
5,7,65,85236,6,69.90409515948073,69.99390411376952,69.99390411376952,71.18190002441406,71.18190002441406
5,7,65,85236,8,0.3451734852809497,0.3451734852809497,0.4141736773395605,0.4141736773395605,0.4141736773395605
5,7,65,85236,9,0.1206490509265581,0.1654582454275752,0.2010041219937138,0.2010041219937138,0.2010041219937138
5,7,65,85236,7,0.156099493182546,0.1642698744044885,0.1642698744044885,0.2533050321979994,0.2533050321979994
5,9,2,231,2,3.3000000000000003,16.7,30.3,47,68.7
5,9,2,231,1,0.497814257765316,0.497814257765316,0.497814257765316,0.497814257765316,0.497814257765316
5,9,2,231,3,0.2172654661944867,0.2172654661944867,0.2172654661944867,0.2172654661944867,0.2172654661944867
5,9,2,231,4,7097,7097,7097,7097,7097
5,9,2,231,5,9.354609489440918,9.354609489440918,9.354609489440918,9.354609489440918,9.354609489440918
5,9,2,231,6,77.80380249023439,77.80380249023439,77.80380249023439,77.80380249023439,77.80380249023439
5,9,2,231,8,0.2592417208012091,0.2592417208012091,0.2592417208012091,0.2592417208012091,0.2592417208012091
5,9,2,231,9,0.4146192053445511,0.4146192053445511,0.4146192053445511,0.4146192053445511,0.4146192053445511
5,9,2,231,7,0.0594855878428411,0.0594855878428411,0.0594855878428411,0.0594855878428411,0.0594855878428411
7,0,349,570058,2,2.4000000000000004,12.6,27.9,46.5,69.10000000000001
7,0,349,570058,1,0.4847977227932207,0.4913123746316492,0.4955442357024707,0.5075450413705621,0.5149030482833257
7,0,349,570058,3,0.1877273243555546,0.1932656231434173,0.3490416993688077,0.3490416999529404,0.368198743136268
7,0,297,539530,4,2117,2493,3768,47348,55580
7,0,301,539620,5,2.198999881744385,4.520999908447266,6.365861415863037,12.819819045117669,12.820589552832889
7,0,317,552626,6,59.73763275146485,66.2605972290039,70.29949951171875,84.16550445556639,84.7346481646697
7,0,337,566168,8,0.017705016450717,0.0347896650380829,0.0367628365214306,0.0830122185351583,0.4025311503397489
7,0,337,566168,9,0,0.0121342048576607,0.0243355375525319,0.0698213649624036,0.4270692250161634
7,0,337,566168,7,0.0016077963912666,0.0025961787511406,0.0213034543745151,0.7563136258283284,0.7656187622918718
7,2,306,499083,2,2.5,13,28.8,47.6,69.7
7,2,306,499083,1,0.4847977227932207,0.4913123746316492,0.4973214117095767,0.5075450422520527,0.5151982359214884
7,2,306,499083,3,0.1877273243555546,0.1932655815028049,0.2667525797948588,0.3584243305581728,0.3725786042039531
7,2,256,468688,4,2117,2493,4885,47348,55580
7,2,260,468778,5,2.198999881744385,5.777365998754104,6.687854290008546,12.819819045117669,12.820589552832889
7,2,274,481651,6,66.09020233154294,70.29949951171874,70.29949951171875,84.47468086650272,84.7346481646697
7,2,294,495193,8,0.0184435152293987,0.0360476254755321,0.0472874790107701,0.0841902655146538,0.4025311503397489
7,2,294,495193,9,0,0.0121342048576607,0.0243355375525319,0.0698213649624036,0.4423202706713763
7,2,294,495193,7,0.0016077963912666,0.0025961787511406,0.0317347815266422,0.7628764699420015,0.7656187622918718
7,3,88,70208,2,3.3000000000000003,17.400000000000002,35.2,54.1,72.60000000000001
7,3,88,70208,1,0.4913123739541318,0.5071205387976797,0.5075450413705621,0.5075450413705621,0.5089143927639053
7,3,88,70208,3,0.1877273243555546,0.1932655815028049,0.1932655815028049,0.1932655815028049,0.3490416988404432
7,3,74,69375,4,4885,51188,55580,55580,55580
7,3,77,69435,5,5.777365998754102,12.819819045117669,12.820589552832889,12.820589552832889,12.820693016052246
7,3,78,69435,6,67.96928595087402,83.3633041381836,84.47468086650272,84.47468086650272,84.93724618855624
7,3,85,70148,8,0.0041891240487469,0.0367628365214306,0.0367628365214306,0.0367628365214306,0.1086490034634909
7,3,85,70148,9,0.0078037446738856,0.0663752658192345,0.0663752658192345,0.0688670848914668,0.3108073283599752
7,3,85,70148,7,0,0.5636728065837868,0.7628764699420015,0.7628764699420015,0.7730469394905772
7,8,24,3641,2,2,10.6,22.9,39.8,63.400000000000006
7,8,24,3641,1,0.4913123747093716,0.4913123750766218,0.4913123753489063,0.4913123753489063,0.4955442357024706
7,8,24,3641,3,0.2667525797948587,0.3490416989654368,0.3490416989654368,0.3490416999872244,0.3725786042039531
7,8,20,3534,4,2082,4550,5780,5798,5798
7,8,20,3534,5,4.189908144561322,4.395768047388026,5.757999897003174,5.757999897003174,5.757999897003175
7,8,20,3534,6,64.17799925312107,64.17799925312107,65.150604248046875,65.58580017089845,69.79479980468749
7,8,24,3641,8,0.02545527123376,0.0918233646208607,0.1227176199625026,0.1897017929894591,0.1897017929894591
7,8,24,3641,9,0,0.0130918676904675,0.0149122710579269,0.0149122710579269,0.0659678333019845
7,8,24,3641,7,0,0,0.0388188719393952,0.0388188719393952,0.1162988401041175
7,6,93,109397,2,3.6,19.1,36.4,54.900000000000006,73
7,6,93,109397,1,0.5040208906706821,0.5075450422520527,0.5089143927639054,0.5089143927639054,0.5089143927639054
7,6,93,109397,3,0.1877273243555546,0.1877273243555546,0.1877273243555546,0.1932656231434173,0.2038052151396689
7,6,93,109397,4,47348,47348,47348,51069,53215
7,6,93,109397,5,12.351626396179196,12.749459353164465,12.819819045117669,12.819819045117669,12.819819045117669
7,6,93,109397,6,83.03209686279295,83.05917379359491,84.7346481646697,84.7346481646697,84.7346481646697
7,6,93,109397,8,0.0347896650380829,0.036394689532343,0.0660448125462028,0.0660448125462028,0.0660448125462028
7,6,93,109397,9,0.068285925057046,0.0698213649624036,0.0698213649624036,0.0698213649624036,0.1750530320137233
7,6,93,109397,7,0.558599135683827,0.7563136258283284,0.7656187622918718,0.7656187622918718,0.7656187622918718
7,4,77,180132,2,2.1,11,24.8,42.5,66.4
7,4,77,180132,1,0.4847977227932207,0.4847977227932207,0.4905585136565481,0.4977911657514218,0.5136180905273462
7,4,77,180132,3,0.1932655815028049,0.2697850455409395,0.368198743136268,0.368198743136268,0.3725786042039531
7,4,47,159886,4,2117,2313,2493,2493,55580
7,4,48,159916,5,5.698875904083252,6.365861415863037,6.365861415863037,6.687854290008546,12.820589552832889
7,4,60,163594,6,70.29949951171874,70.29949951171874,70.29949951171875,70.29949951171875,84.47468086650272
7,4,68,176302,8,0.0184435152293987,0.0346857155292688,0.2354998608512338,0.4025311503397489,0.4025311503397489
7,4,68,176302,9,0,0,0.0243355375525319,0.0243355375525319,0.4270692250161634
7,4,68,176302,7,0.0016077963912666,0.0025145631772788,0.0025961787511406,0.0025961787511406,0.7628764699420015
7,1,43,70975,2,1.9,10.4,22.3,38.7,61.8
7,1,43,70975,1,0.4913123746316491,0.4913123747396422,0.491312375333707,0.491312375333707,0.491312375333707
7,1,43,70975,3,0.3490416987071838,0.3490416995923091,0.3490416999529404,0.3490416999529404,0.3490416999529404
7,1,41,70842,4,2499,3150,3248,3248,4403
7,1,41,70842,5,2.217999935150146,2.627000093460083,2.627000093460083,2.6270000934600835,5.757999897003174
7,1,43,70975,6,59.29005597851839,59.73763275146485,59.73763275146485,65.150604248046875,67.73658752441406
7,1,43,70975,8,0.0177050164507169,0.017705016450717,0.017705016450717,0.045356253748544,0.1929457754640235
7,1,43,70975,9,0.0079994235679778,0.0079994235679778,0.0079994235679778,0.0149122710579269,0.0200489423141173
7,1,43,70975,7,0,0.0061090487691517,0.0061090487691517,0.0209148352351613,0.0224703243205456
7,5,16,110870,2,2.2,12,25.9,45.1,67.9
7,5,16,110870,1,0.4913123746316492,0.4913123746316492,0.4913123746316492,0.4973214117095767,0.5164608959414733
7,5,16,110870,3,0.1957109754084583,0.2199857100801432,0.3490416997535393,0.3490416997535393,0.3490416997535393
7,5,15,101675,4,2571,2571,2571,23887,32819
7,5,15,101675,5,2.198999881744385,2.198999881744385,2.198999881744385,12.2337064743042,12.29081510250408
7,5,16,110870,6,64.67060089111327,66.09020233154294,66.09020233154294,80.03588867187497,81.69129943847655
7,5,16,110870,8,1.494446254367e-4,0.0360476254755321,0.0360476254755321,0.0360476254755321,0.1897017929894591
7,5,16,110870,9,0.0037124064068743,0.0121342048576607,0.0121342048576607,0.0200489423141173,0.5079030223621666
7,5,16,110870,7,0,0.0191839596960591,0.0191839596960591,0.0388188719393952,0.2867470769404974
6,0,1287,3768102,2,3.7,19,36,55.6,72.60000000000001
6,0,1287,3768102,1,0.5002033587414799,0.5048840233686797,0.5056268351386817,0.5135048811297275,0.5155638088917995
6,0,1287,3768102,3,0.1631722107412579,0.1811005015556388,0.1949369290586444,0.1949369290586446,0.2166566941537815
6,0,1287,3768102,4,50509,59265,69374,89860,99009
6,0,1287,3768102,5,13.183629035949703,13.272536277770996,13.361419677734377,13.644424940162596,14.171437221808269
6,0,1287,3768102,6,76.82640075683595,77.23375247014711,78.03215703306032,80.89159393310545,82.40350341796874
6,0,1286,3768052,8,0.0393770159345484,0.0417873177787733,0.08924495236868,0.1530186899068916,0.2451608130680539
6,0,1286,3768052,9,0.0270093641824225,0.058256367230535,0.0602298371456753,0.1264831604332911,0.1845808468300337
6,0,1286,3768052,7,0.2876359640098608,0.4342802429698609,0.6261011465081996,0.8435642070943561,0.8504561380307987
6,2,1284,3767831,2,3.7,19,36,55.6,72.60000000000001
6,2,1284,3767831,1,0.5002033587414799,0.5048840233686797,0.5056268351386817,0.5135048811297275,0.5155638088917995
6,2,1284,3767831,3,0.1631722107412579,0.1811005015556388,0.1949369290586444,0.1949369290586446,0.2166566941537815
6,2,1284,3767831,4,50509,59265,69374,89860,99009
6,2,1284,3767831,5,13.183629035949703,13.272536277770996,13.361419677734377,13.644424940162596,14.171437221808269
6,2,1284,3767831,6,76.82640075683595,77.23375247014711,78.03215703306032,80.89159393310545,82.40350341796874
6,2,1283,3767781,8,0.0393770159345484,0.0417873177787733,0.08924495236868,0.1530186899068916,0.2451608130680539
6,2,1283,3767781,9,0.0270093641824225,0.058256367230535,0.0602298371456753,0.1264831604332911,0.1845808468300337
6,2,1283,3767781,7,0.2876359640098608,0.4342802429698609,0.6261011465081996,0.8435642070943561,0.8504561380307987
6,3,322,137846,2,4,20.6,38.3,57.2,73.2
6,3,322,137846,1,0.4989512120928747,0.506959518488655,0.51020562245633,0.5119025880397863,0.5148647456810992
6,3,322,137846,3,0.1467195672464207,0.1537350315051447,0.1816705413076006,0.1836287240473174,0.1949369290586445
6,3,322,137846,4,47851,51530,56613,63872,85109
6,3,322,137846,5,13.272536277770996,13.559428625251662,13.76910975185196,13.997432985687723,14.171437221808269
6,3,322,137846,6,74.36433257677545,76.72849412934842,80.03871850007252,82.76480310624946,83.16049933106243
6,3,322,137846,8,0.0417873177787733,0.1297862568012996,0.1993747050828413,0.2712440778702375,0.3700625005930931
6,3,322,137846,9,0.0131559302919137,0.0270093641824225,0.0562473242751821,0.1002846228393943,0.1915518059459352
6,3,322,137846,7,0.234626627836473,0.3542960353443734,0.4129805639868764,0.5135324065759802,0.7748179504298209
6,8,46,7866,2,3.6,18.7,35.300000000000004,54.400000000000006,72.10000000000001
6,8,46,7866,1,0.5048840233686795,0.5048840233686795,0.5048840233686795,0.5048840233686797,0.5114665332289371
6,8,46,7866,3,0.1467195674294898,0.1949369290586444,0.1949369290586444,0.1949369290586446,0.1949369290586446
6,8,46,7866,4,53307,86602,99009,99009,99009
6,8,46,7866,5,13.183629035949703,13.183629035949703,13.361419677734377,13.361419677734377,14.136177974982552
6,8,46,7866,6,79.0572052001953,79.0572052001953,79.0572052001953,80.89159393310545,82.55079626901463
6,8,46,7866,8,0.0393770159345484,0.0393770159345484,0.0393770159345484,0.0422250838290111,0.1546476221042791
6,8,46,7866,9,0.0272369644256912,0.0574370391008277,0.0574370391008277,0.0602298371456753,0.0602298371456753
6,8,46,7866,7,0.4014584443839242,0.840746493808272,0.8504561380307987,0.8504561380307987,0.8504561380307987
6,6,534,1862086,2,3.7,18.9,35.6,55,72.2
6,6,534,1862086,1,0.5001569480969893,0.5048840233686795,0.5048840233686797,0.5048840233686797,0.5106486285161767
6,6,534,1862086,3,0.1467195672464207,0.1918640032098788,0.1949369290586445,0.1949369290586445,0.1982147582073784
6,6,534,1862086,4,53523,65424,86602,90099,99009
6,6,534,1862086,5,13.183629035949703,13.272536277770996,13.361419677734371,13.942438125610352,14.28144836425781
6,6,534,1862086,6,76.82640075683595,79.0572052001953,79.54620361328125,81.04399871826173,83.16049933106243
6,6,534,1862086,8,0.0393770159345484,0.0410219624532029,0.0417873177787733,0.0932405526796128,0.1897715285631878
6,6,534,1862086,9,0.0267362440873404,0.0587655141844327,0.0589514419401076,0.0912222185149025,0.1814190148301488
6,6,534,1862086,7,0.364623846137933,0.5927695629276319,0.840746493808272,0.8456949473266443,0.8504561380307987
6,4,356,1749318,2,3.6,18.9,36.3,56.1,72.9
6,4,356,1749318,1,0.5048840233686795,0.5056268351386817,0.5135048811297275,0.5155638088917995,0.5155638088917995
6,4,356,1749318,3,0.1631722107412579,0.1631722107412579,0.1811005015556388,0.2166566941537815,0.2166566941537815
6,4,356,1749318,4,50509,50509,59625,69374,99900
6,4,356,1749318,5,13.220092200905434,13.220092200905434,13.4516559160187,13.644424940162596,13.644424940162596
6,4,356,1749318,6,77.02172547120699,77.02172547120699,77.23375247014711,77.68715648386407,79.0572052001953
6,4,355,1749268,8,0.0388574078388417,0.08924495236868,0.109367428740095,0.172389181048846,0.1758463008244321
6,4,355,1749268,9,0.0449774351865076,0.0449774351865076,0.1256890146873194,0.1845808468300337,0.1845808468300337
6,4,355,1749268,7,0.2876359640098608,0.2876359640098608,0.6003640234575278,0.6635047339291742,0.8532782750681807
6,1,3,271,2,4.4,21.5,38.8,57,73.2
6,1,3,271,1,0.4989512120928748,0.5133112163936167,0.5133112163936167,0.5133112163936167,0.5133112163936167
6,1,3,271,3,0.1637747100110029,0.1637747100110029,0.1637747100110029,0.1637747100110029,0.1812573827499947
6,1,3,271,4,54609,54609,54609,54609,70562
6,1,3,271,5,13.99743298568772,14.0374333361808,14.0374333361808,14.0374333361808,14.0374333361808
6,1,3,271,6,81.86080329475082,82.86474904247854,82.86474904247854,82.86474904247854,82.86474904247854
6,1,3,271,8,0.2248016744440137,0.2248016744440137,0.2248016744440137,0.2248016744440137,0.263410658726787
6,1,3,271,9,0.0255839302141653,0.0255839302141653,0.0255839302141653,0.0255839302141653,0.0655015722075271
6,1,3,271,7,0.3508683783969951,0.5009760289381354,0.5009760289381354,0.5009760289381354,0.5009760289381354
6,5,7,747,2,3.2,17.3,33.4,52.900000000000006,70.7
6,5,7,747,1,0.4808189009547675,0.4808189009547675,0.4987437656965706,0.5048840233686797,0.5169299492916696
6,5,7,747,3,0.1787486999557905,0.1949369290586445,0.2094305021207048,0.2094305021207048,0.2541295074655046
6,5,7,747,4,53523,81982,81982,89860,100801
6,5,7,747,5,13.272536277770996,13.361419677734377,13.724614143371582,14.046441078186035,14.047094374439776
6,5,7,747,6,78.3886032104492,78.3886032104492,78.6904067993164,79.0572052001953,81.04399871826173
6,5,7,747,8,0.0029362175762905,0.0029362175762905,0.0393770159345484,0.0417873177787733,0.1618944119234895
6,5,7,747,9,7.688232721142766e-8,7.688232721142766e-8,0.0574370391008277,0.0589514419401076,0.1114878286205585
6,5,7,747,7,0.3834977335400846,0.3834977335400846,0.5927695629276319,0.8435642070943561,0.8504561380307987
6,9,17,8262,2,3.8,19.6,37.4,56.7,73
6,9,17,8262,1,0.5002033587414799,0.5045325696772835,0.5045325696772835,0.5045325696772835,0.5148647456810992
6,9,17,8262,3,0.1825899108488775,0.1842815104105798,0.1842815104105798,0.1842815104105798,0.1920853026028489
6,9,17,8262,4,49057,49057,49057,49057,83211
6,9,17,8262,5,13.264333888056251,13.353412628173825,13.353412628173825,13.353412628173825,14.185503959655763
6,9,17,8262,6,74.65423109609044,80.24099731445314,80.35380554199219,80.35380554199219,80.35380554199219
6,9,17,8262,8,0.0937046633349754,0.2758022500519677,0.3742691690369599,0.3742691690369599,0.3742691690369599
6,9,17,8262,9,0.0133776530826214,0.0133776530826214,0.0133776530826214,0.0615777845147059,0.1807537682297522
6,9,17,8262,7,0.2940918791168039,0.2940918791168039,0.2940918791168039,0.3047641786292899,0.6218833013429975
2,0,5192,44326799,2,3.2,16.2,33,50.7,69.4
2,0,5192,44326799,1,0.4770694541075305,0.4851750697765296,0.4927890259023154,0.5021159618392758,0.5267655113162742
2,0,5192,44326799,3,0.13151327762543,0.1758554641310787,0.2246822464402831,0.2869757499501725,0.3423513211676895
2,0,5161,44016611,4,4384,10754,13576,18416,43324
2,0,5192,44326799,5,5.88019206849594,7.234778865177581,7.7094707022710836,8.59128761291504,13.271106719970708
2,0,5192,44326799,6,65.1343765258789,70.32940673828125,77.26668304527396,78.05995994820242,84.6020965576172
2,0,5192,44326799,8,0.1429565054278386,0.2707704028930621,0.3424816705839966,0.4972440681649229,0.752530964714081
2,0,5192,44326799,9,0.0075822804724745,0.0627744575367104,0.1114622064644586,0.2020098621152055,0.2479334099098759
2,0,5192,44326799,7,0.0219861119631187,0.0702377059405522,0.1502845744468571,0.1872437926834835,0.4022487582115865
2,2,4154,39785311,2,3.3000000000000003,16.7,33.6,51.3,69.8
2,2,4154,39785311,1,0.4770694541075305,0.4847943187300238,0.4923166066829056,0.4956370455116667,0.5264575813475373
2,2,4154,39785311,3,0.13151327762543,0.1752287389613896,0.2214274216517008,0.2850683930928099,0.3423513211676895
2,2,4123,39475123,4,8542,11208,14685,20668,43324
2,2,4154,39785311,5,7.085789136472964,7.433068300138307,7.801712325799038,8.626042366027832,13.271106719970708
2,2,4154,39785311,6,67.41300201416017,73.18699645996092,77.51503743040541,78.74972690663184,84.6020965576172
2,2,4154,39785311,8,0.1429565054278386,0.2593834376415285,0.3400921282326349,0.4932344217559473,0.752530964714081
2,2,4154,39785311,9,0.0075822804724745,0.049312458501957,0.1102021325942873,0.190160186502347,0.2414580161773117
2,2,4154,39785311,7,0.0300325508987287,0.0976879724355163,0.1625053258581914,0.20710639167909,0.4022487582115865
2,3,2006,16078924,2,3.3000000000000003,16.7,34.1,51.7,69.2
2,3,2006,16078924,1,0.4821679866123015,0.4847943187300237,0.4917548055027918,0.4941344155548384,0.5080759332818731
2,3,2006,16078924,3,0.155865829921243,0.1766860078601856,0.2214274216517008,0.2305024598814428,0.3413538865501632
2,3,2004,16078881,4,7884,12858,14738,16281,21271
2,3,2006,16078924,5,6.859820581632796,7.433068300138307,7.545224595121438,7.832364686088653,9.580430986959753
2,3,2006,16078924,6,67.21519143343289,74.6878967285156,77.51503743040541,77.91304695752994,78.54124544217832
2,3,2006,16078924,8,0.1739374398475592,0.2752795605802514,0.3764703407278061,0.526341354258871,0.5900934404650637
2,3,2006,16078924,9,0.022499284657556,0.1102019759852041,0.1468232478266497,0.2020098621152055,0.2414477412911184
2,3,2006,16078924,7,0.0308680988979177,0.1161348176540487,0.1530630715083367,0.1660933247128654,0.3846824161943546
2,8,550,243387,2,3.8,17.5,35,52.2,69.60000000000001
2,8,550,243387,1,0.4859282850996324,0.4887148130495624,0.4917548055027917,0.4917548055027919,0.5082264794446609
2,8,550,243387,3,0.1763397093864958,0.1763397093864958,0.1936828088709687,0.2630623956690481,0.2630623956690481
2,8,549,243287,4,9393,11883,12670,17618,17618
2,8,550,243387,5,4.660929469012197,4.660929469012197,7.189591905957635,7.189591905957635,8.666552576183909
2,8,550,243387,6,68.68239593505858,70.44127471980804,74.95299569108751,77.70138224210915,77.70138224210915
2,8,550,243387,8,0.0306340966923771,0.0306340966923771,0.2760065419575886,0.3175609148313432,0.5504504583527515
2,8,550,243387,9,0.032912812461456,0.2285726367140599,0.2286131330522053,0.7350714355981285,0.7350714355981285
2,8,550,243387,7,0.0217312371265217,0.0217312371265217,0.1440812065088551,0.1475795683325696,0.3278171428080407
2,6,41,82836,2,4.9,22.5,40.5,55.900000000000006,71.4
2,6,41,82836,1,0.4860222482920357,0.4917548055027917,0.4923166066829056,0.4952081911054116,0.5096415239557645
2,6,41,82836,3,0.1174252307034499,0.122856611930964,0.1763397093864982,0.1763397093864982,0.2496976891148626
2,6,41,82836,4,12914,15142,15440,17618,47632
2,6,41,82836,5,7.189591905957633,7.189591905957635,8.022710183417253,8.666552576183907,12.18249918671672
2,6,41,82836,6,68.0200291359243,77.56728801361896,77.63402105440254,79.14431127858697,83.18433558014367
2,6,41,82836,8,0.1482283397573871,0.2757820923758658,0.2766921229436687,0.2854260225991279,0.5504504583527515
2,6,41,82836,9,0.0049438557171588,0.0344251785406272,0.1710568663713698,0.2286131330522053,0.2286131330522053
2,6,41,82836,7,0.0810753555477527,0.1440812065088551,0.1440812065088551,0.3241493773502129,0.3278171428080407
2,4,1349,20258791,2,3.4000000000000004,17.3,33.9,51.7,70.7
2,4,1349,20258791,1,0.4770694541075305,0.4846741916515857,0.4928357687015616,0.4995500616312877,0.5264575813475373
2,4,1349,20258791,3,0.1306553397360293,0.1380161795275467,0.1870329621920007,0.2919097646076556,0.3361967929928013
2,4,1323,19948814,4,8970,11112,13570,29289,43324
2,4,1349,20258791,5,7.085789136472964,7.613332234769032,8.323092460632322,8.811797142028805,13.271106719970708
2,4,1349,20258791,6,67.76739501953124,73.18699645996092,77.59497934076337,79.66228675754982,84.6020965576172
2,4,1349,20258791,8,0.1429565054278386,0.2181893412992124,0.3400921282326349,0.4930537020609508,0.752530964714081
2,4,1349,20258791,9,0.0075822804724745,0.0399524931763338,0.0718972152821636,0.1435047462661464,0.2414580161773117
2,4,1349,20258791,7,0.0300325508987287,0.0702377059405522,0.1730427867318548,0.2524934070725501,0.4022487582115865
2,1,1038,4541488,2,2.6,13,26.8,44.400000000000006,65.3
2,1,1038,4541488,1,0.4893691041331011,0.5009883265657067,0.5101448748619223,0.5286744893718474,0.5381428429294132
2,1,1038,4541488,3,0.2364124197643596,0.2514644557086671,0.2826287077044951,0.3171766641791174,0.3423513211676914
2,1,1038,4541488,4,3365,4263,4691,5205,7380
2,1,1038,4541488,5,3.803083868175397,5.208655228620168,5.880192095738917,6.0288104567150524,7.714822769165039
2,1,1038,4541488,6,62.279651167120605,64.08459315894933,66.14207117727949,67.57790374755861,68.80982624811061
2,1,1038,4541488,8,0.2707704028930621,0.3789713282122072,0.4716856307812891,0.5384851336013197,0.565119313227688
2,1,1038,4541488,9,0.0355493693831591,0.1541564599305044,0.224203053170574,0.2431483530461801,0.2791177581726249
2,1,1038,4541488,7,0.0213605856361819,0.0249139809537406,0.0387461766478934,0.0486546019608883,0.0664513975438988
2,5,154,2508597,2,2.7,13.3,28.6,46.1,66.60000000000001
2,5,154,2508597,1,0.4829549786078959,0.4888251149872746,0.4950428556400491,0.5171416899321885,0.5171416899321885
2,5,154,2508597,3,0.1763397093864876,0.2496976891148626,0.2850683930928099,0.3061587425244395,0.3423513211676895
2,5,152,2508529,4,7900,9144,9769,12939,16706
2,5,154,2508597,5,6.694652784011429,7.618037223815918,7.9470887184143075,8.626042366027832,9.515313148498532
2,5,154,2508597,6,67.42029571533203,68.74390411376953,70.47349548339844,72.46789550781251,77.70138224210916
2,5,154,2508597,8,0.1257721956490612,0.2762331161861161,0.341667269019054,0.4530170082436738,0.6367901392275641
2,5,154,2508597,9,0.0179973276888677,0.057131008200661,0.2285990511516032,0.2496902261683815,0.3953488980584361
2,5,154,2508597,7,0.0123119646712248,0.0634193875643779,0.145297285790997,0.1872437926834835,0.2530947935018642
2,7,3,5439,2,2.3000000000000003,12,24.9,41.400000000000006,63.400000000000006
2,7,3,5439,1,0.4975061601991956,0.4975061601991956,0.4975061601991956,0.4975061601991956,0.4975061601991956
2,7,3,5439,3,0.3075929924092136,0.3075929924092136,0.3075929924092136,0.3075929924092136,0.3075929924092136
2,7,3,5439,4,9490,9490,9490,9490,9490
2,7,3,5439,5,8.619095802307129,8.619095802307129,8.619095802307129,8.619095802307129,8.619095802307129
2,7,3,5439,6,71.25890350341798,71.25890350341798,71.25890350341798,71.25890350341798,71.25890350341798
2,7,3,5439,8,0.468399509146835,0.468399509146835,0.468399509146835,0.468399509146835,0.468399509146835
2,7,3,5439,9,0.0348764016110612,0.0348764016110612,0.0348764016110612,0.0348764016110612,0.0348764016110612
2,7,3,5439,7,0.1413809373569733,0.1413809373569733,0.1413809373569733,0.1413809373569733,0.1413809373569733
2,9,11,22323,2,3.7,18.3,37,53.900000000000006,70.7
2,9,11,22323,1,0.4835084425708987,0.4850047271227967,0.4850047271227969,0.4851750697765292,0.4851750697765292
2,9,11,22323,3,0.184630592136183,0.184630592136183,0.1846305921361832,0.2628576410569329,0.2628576410569329
2,9,11,22323,4,10870,10870,14752,17763,17763
2,9,11,22323,5,6.5469454500012505,6.5469454500012505,7.593201050728911,7.77079469398585,7.77079469398585
2,9,11,22323,6,73.48028806680662,73.48028806680662,77.18550878209493,77.64782017999039,77.64782017999039
2,9,11,22323,8,0.2589920722601267,0.2589920722601267,0.2599004053313822,0.2918654427217973,0.2918654427217973
2,9,11,22323,9,0.1901599827676174,0.1903957749852531,0.2019132375200792,0.2019132375200792,0.2021396036859682
2,9,11,22323,7,0.0990539359161618,0.0990539359161618,0.1424644759063923,0.1487543455542591,0.1487543455542591
