region,type,e,n,var,p50,p250,p500,p750,p950
0,3,7695,66237117,2,2.1,11,24.8,42.6,65.4
0,3,7672,66231473,4,744.0670166015625,2499.267333984375,4709.93310546875,10558.55859375,13226.9521484375
0,3,7680,66236271,5,1.9668065885864567,4.4370821241039815,6.385494160529345,7.6676058769226065,9.529294519265015
0,3,7682,66236274,6,54.09256744384765,64.65320587158203,70.01622338372931,75.29208393568372,78.26354326343828
0,3,7688,66236720,8,0.0331266324015067,0.1831208836819148,0.4179124913833737,0.5677098418329534,0.678187035233346
0,3,7688,66236720,9,0.0022748873424896,0.0250191565797859,0.1110611263518456,0.2744922409682063,0.7674703595594891
0,3,7688,66236720,7,0.0020625821131553,0.0292945248226714,0.1312707083385244,0.2041267537102388,0.3855113572219417
0,3,7695,66237117,1,0.4734616910809783,0.4841280516199387,0.4927890259023164,0.5023372925839307,0.5239079987471619
0,3,7695,66237117,3,0.1766860078601865,0.2281695064976474,0.3433659249043168,0.428280756447257,0.4721315435618842
0,8,1421,518725,2,2.7,13.4,29.200000000000003,46.900000000000006,67.8
0,8,1411,518233,4,1765.0206298828125,4810.787109375,9051.732421875,12644.2919921875,17698.2265625
0,8,1412,518333,5,3.7323772634199295,5.167949261300748,6.9236974868725865,7.189591905957635,10.631340026855469
0,8,1412,518333,6,64.18930816650389,70.64304147723439,73.331834615555465,77.46067754095054,78.12700021362879
0,8,1421,518725,8,0.0136574898464309,0.1268038989522877,0.3468837021670339,0.4607583990371575,0.6140197137049236
0,8,1421,518725,9,0.0219585066571692,0.0550963550583325,0.2268398890423167,0.3562304097962338,0.7350709061964462
0,8,1421,518725,7,0.009638286652672,0.0270757313689601,0.1380690062571681,0.1440812065088551,0.5531391366627466
0,8,1421,518725,1,0.4810049052254609,0.4887145870589686,0.4917548055027925,0.50259339923388,0.5224973426689308
0,8,1421,518725,3,0.1763397093864986,0.1936828088709689,0.2630624698454644,0.3144279609039173,0.4613234428192495
0,6,1262,2583985,2,3.7,18.7,35.800000000000004,54.7,72.2
0,6,1261,2583965,4,11843.90234375,42708.046875,66451.1015625,73907.53125,73907.53125
0,6,1262,2583985,5,7.775550864851686,12.74968719482422,13.272536277770994,13.391534602595106,14.171437221808269
0,6,1262,2583985,6,76.1264012005207,80.240997314453125,81.04399871826172,81.04399871826172,83.14223658112024
0,6,1262,2583985,8,0.0414406715901323,0.0414406715901323,0.0474129493630607,0.1544725709297108,0.427173227825258
0,6,1262,2583985,9,0.0274168328890603,0.0550963550583325,0.0550963550583325,0.1168918227914863,0.2462682811709397
0,6,1262,2583985,7,0.0739593762074872,0.3899101445974146,0.6914645769428062,0.8456949473266443,0.8456949473266443
0,6,1262,2583985,1,0.4966047126997274,0.5048840233686804,0.5048840233686804,0.5066315218253783,0.5148042067603824
0,6,1262,2583985,3,0.1417637743707365,0.1812573827499951,0.194936929058645,0.194936929058645,0.2541295074655052
0,4,4565,61147935,2,2.8000000000000003,14.2,29.8,47.7,68.4
0,4,4487,61019663,4,2269.4189453125,5351.79833984375,8487.9208984375,14620.6609375,40671.76953125
0,4,4515,61062784,5,5.154945966218088,6.9236974868725865,7.843499739075443,9.077100753784178,13.292099952697756
0,4,4531,61068405,6,66.80780090100542,71.114898681640625,73.3658981323242,77.81869369091739,83.13554878528359
0,4,4539,61136851,8,0.1104618410335657,0.2640884283458726,0.4208841084713082,0.603411423396692,0.6795196183356194
0,4,4539,61136851,9,0.0101479549646735,0.0307517566222183,0.0406582531159015,0.1103357707043105,0.3001606244653131
0,4,4539,61136851,7,0.0240404065237383,0.0356919143865002,0.1082198841450412,0.2073031220174964,0.4190425254990528
0,4,4565,61147935,1,0.479780342509621,0.4891778243353255,0.4928357687015617,0.5002204352111899,0.5224973426689308
0,4,4565,61147935,3,0.1315132776254303,0.1824320364957438,0.2685325585726036,0.3229363316062195,0.3762802373994067
0,1,10658,205070202,2,1.6,8.8,19.6,34.4,59.5
0,1,10655,205070001,4,798.2188720703125,1907.785400390625,5394.54443359375,6167.1357421875,9856.224609375
0,1,10656,205070069,5,2.2260000705718994,4.31017836234803,6.526999950408936,10.667413139283566,10.667413139283566
0,1,10658,205070202,6,57.80929658223011,63.64851185410612,68.19948577880861,76.89754395978592,76.89754395978592
0,1,10657,205070134,8,0.0428537254089888,0.0428537254089888,0.1465335109393988,0.3310684729217481,0.5174693944856255
0,1,10657,205070134,9,0.0182442951429584,0.0182442951429584,0.0846132163478785,0.2295686738223296,0.5099672712055707
0,1,10657,205070134,7,0.0108625327308898,0.0533443459394286,0.4374991115426249,0.8753906811683868,0.8753906811683868
0,1,10658,205070202,1,0.4736613196965984,0.4786801173668498,0.4945507327192548,0.5137790045148853,0.5332900020706826
0,1,10658,205070202,3,0.3131312857757755,0.3131312857757755,0.4030986569110219,0.4473742455999941,0.474043447185826
0,5,474,9159844,2,2.7,12.9,26.8,44.5,66.3
0,5,469,9150507,4,1903.33544921875,4941.4111328125,9294.525390625,19640.5,19640.5
0,5,472,9150581,5,1.971966624259949,5.144848711414578,7.9470887184143075,8.391136169433594,9.515313148498532
0,5,473,9159776,6,62.94450378417969,70.20004305800437,71.66090393066406,77.57779693603517,77.57779693603517
0,5,471,9155473,8,0.1802741332967466,0.2960785817087125,0.2960785817087125,0.5866752738757727,0.6478984413782172
0,5,471,9155473,9,0.0121342048576608,0.082920097682051,0.1953198440720819,0.1953198440720819,0.4045455165398287
0,5,471,9155473,7,0.0172476777855754,0.0542356818246662,0.0604127536223456,0.1955191392690821,0.3282573258834586
0,5,474,9159844,1,0.4706350000037594,0.4917548055027925,0.4994555128267397,0.4994555128267397,0.5171416899321892
0,5,474,9159844,3,0.2062350945756932,0.2381072050304177,0.2850683930928101,0.3394088289371243,0.3922280089635753
0,7,392,1950789,2,1.4,7.9,18,32.7,58.1
0,7,392,1950789,4,714.38812255859375,797.1875,1903.33544921875,1954.58837890625,8834.6005859375
0,7,392,1950789,5,1.8283003971950371,1.9719666242599485,2.576155744714012,3.776843677571702,7.50961399078369
0,7,392,1950789,6,54.09256744384765,57.30897310332781,62.94450378417969,64.08305909448471,74.36331027453093
0,7,392,1950789,8,0.0155304844382827,0.0434538464180914,0.0510919396225805,0.2442111725903976,0.4436320050499397
0,7,392,1950789,9,0.094930714180839,0.2673039542741978,0.4045455165398287,0.7557059635299489,0.8237937174700364
0,7,392,1950789,7,0.0015020223788247,0.0031862846801829,0.0083562054722322,0.1124669684944295,0.1555849787267862
0,7,392,1950789,1,0.4481964701895244,0.4706350000037594,0.4945762058009265,0.4958760425862808,0.5058706926375213
0,7,392,1950789,3,0.3922280089635753,0.4137533518958004,0.4422986231439509,0.4637810148127492,0.4641113768762344
0,9,115,147648,2,2.1,11,24.200000000000003,40.8,65.3
0,9,115,147648,4,1550.04736328125,2491.7275390625,4225.537109375,12198.2431640625,44411.109375
0,9,115,147648,5,1.971961098297536,3.070947885513306,3.7323772634199295,7.770794693985851,13.35341262817383
0,9,115,147648,6,62.94452664088877,63.38938095164904,73.13249711429683,75.47824807973497,79.23590087890624
0,9,115,147648,8,0.0878338981180832,0.1268038989522877,0.2442111725903976,0.3445658288694387,0.655694712198834
0,9,115,147648,9,0.0063176908245285,0.0668207894077433,0.2009519332693493,0.2920062029340273,0.4433315612832445
0,9,115,147648,7,0.0093447649940876,0.0635966307120138,0.0730732469445911,0.1460453699257721,0.2978370477582869
0,9,115,147648,1,0.438469854409291,0.4706350000037594,0.4836955732082026,0.4987600635657176,0.5045325696772844
0,9,115,147648,3,0.1842815104105802,0.2546627823539829,0.3527582286005058,0.3911042529205808,0.4617838819657221
0,2,16095,143522956,2,2.4000000000000004,12.4,27.1,45.1,67
0,2,15977,143378941,4,798.2188720703125,3984.711669921875,7588.04833984375,12428.6201171875,36844.59765625
0,2,16018,143427054,5,2.4378855161406374,5.873052280311341,7.3439548822488065,8.391136169433594,12.749460272927491
0,2,16037,143441873,6,58.23641760560183,67.5779037475586,72.96789550781249,77.27433287321057,80.5449440119134
0,2,16059,143507104,8,0.0392603833604374,0.2160079539917036,0.3820272368249132,0.5943254210626117,0.6795196183356194
0,2,16059,143507104,9,0.0022748873424896,0.0307517566222183,0.0701956002255665,0.1953198440720819,0.7405919122892947
0,2,16059,143507104,7,0.0059248221093681,0.0356919143865002,0.1138595747206261,0.2073031220174964,0.4194830961316402
0,2,16095,143522956,1,0.4770694541075281,0.4846741916515856,0.4941344155548388,0.5027781329985811,0.5229196119753108
0,2,16095,143522956,3,0.1359590967427834,0.222945693460031,0.2850683930928101,0.344311146413072,0.464012954440559
0,0,26753,348593158,2,1.8,10.1,22.200000000000003,39,63.5
0,0,26632,348448942,4,798.2188720703125,2142.337158203125,5394.54443359375,9856.224609375,21340.591796875
0,0,26674,348497123,5,2.2260000705718994,5.215054035186768,6.547459417424363,8.583257971992872,10.667413139283566
0,0,26695,348512075,6,57.80929658223011,65.00114294680164,68.19948577880861,76.89754395978592,78.7365552626176
0,0,26716,348577238,8,0.0428537254089888,0.1311151906895946,0.2246736804584876,0.4261832376476346,0.6420891965238579
0,0,26716,348577238,9,0.0111486220484825,0.0234160690400807,0.0846132163478785,0.2295686738223296,0.5099672712055707
0,0,26716,348577238,7,0.0083562054722322,0.0397119261817802,0.1727283334088009,0.4374991115426249,0.8753906811683868
0,0,26753,348593158,1,0.4736613196965984,0.4841280516199387,0.4945507327192548,0.5087372395457184,0.5332900020706826
0,0,26753,348593158,3,0.1763397093864986,0.3075929924092139,0.3722105822154822,0.4367504593366194,0.472699618685546
8,3,1620,22244239,2,1.4,7.6,17.3,32.5,58.5
8,3,1620,22244239,4,714.38812255859375,797.1875,1307.019287109375,2748.60400390625,4924.4326171875
8,3,1620,22244239,5,1.5503346062356465,2.576155744714012,3.9364743232727046,5.914000034332275,9.129273807931158
8,3,1620,22244239,6,52.40542221069337,57.80929658223011,62.20225048834466,64.75413016961673,74.36331027453093
8,3,1619,22244037,8,0.0155304844382827,0.0428336345629779,0.0827140099427852,0.3866837489633247,0.712825447103936
8,3,1619,22244037,9,0.0356622024340241,0.2150818819119375,0.362304473244192,0.7432740915356171,0.817631504452552
8,3,1619,22244037,7,0,0.0059248221093681,0.0205877192411697,0.0480689408885924,0.218360666147167
8,3,1620,22244239,1,0.4545023271627575,0.4945762058009265,0.4959154083415132,0.5100932083147103,0.5290249649640723
8,3,1620,22244239,3,0.3574301247986311,0.428280756447257,0.461571961249692,0.464012954440559,0.4845967550670065
8,8,105,66190,2,1.4,7.800000000000001,17.400000000000002,32.7,57.900000000000006
8,8,105,66190,4,709.702880859375,1765.0206298828125,1979.48603515625,3737.370849609375,3737.370849609375
8,8,105,66190,5,3.164842740475242,5.249035091163833,6.3358023468735984,6.547459417424363,7.421045478500548
8,8,105,66190,6,62.50168991088866,64.18930816650389,64.64020538330078,65.37192029676287,66.80780090100542
8,8,105,66190,8,0.0563555578526566,0.3866837489633247,0.511763804642458,0.5728790718400546,0.5932652860727297
8,8,105,66190,9,0.0755996134003406,0.0965945686923586,0.184131073791603,0.2295686738223296,0.421839918433956
8,8,105,66190,7,0,0.009638286652672,0.0203745765075313,0.1117013099950325,0.1832146060725639
8,8,105,66190,1,0.4938074265492059,0.4979818403646647,0.50259339923388,0.5127559329058675,0.5332900020706826
8,8,105,66190,3,0.378560310377926,0.42333252249993,0.459249330897023,0.4615021959776768,0.4700672403301829
8,6,19,8631,2,1.3,7.7,18.5,34,60.1
8,6,18,8611,4,761.85101318359375,762.21441650390625,762.21441650390625,1551.5889892578125,22159.62890625
8,6,19,8631,5,2.576155744714012,2.576155744714012,2.975150850807119,4.417336547104215,12.730853589710904
8,6,19,8631,6,50.53099822998047,57.30897310332781,57.30897310332781,65.21739648855335,67.48023708926071
8,6,19,8631,8,0.0434538464180914,0.0434538464180914,0.0946440067844851,0.1336731416579432,0.4000143759560175
8,6,19,8631,9,0.094930714180839,0.2818996718224128,0.6524742530648587,0.7557059635299489,0.7557059635299489
8,6,19,8631,7,0.0031862846801829,0.0031862846801829,0.0068970651138978,0.043665709606862,0.5717880653350893
8,6,19,8631,1,0.4948070551024028,0.4958760425862808,0.4958760425862808,0.5072009173489445,0.5269336474885847
8,6,19,8631,3,0.243798139007387,0.4350400384132433,0.4636825946771722,0.4636825946771722,0.4636825946771722
8,4,711,3133969,2,1.4,7.9,17.6,31.9,57.7
8,4,709,3133189,4,1024.7593994140625,1307.019287109375,1519.1173095703125,1543.674560546875,3189.765869140625
8,4,711,3133969,5,2.4378855161406374,3.623040078064284,4.417336547104215,4.741840462743138,6.83900022506714
8,4,711,3133969,6,57.41477359205971,61.49366149373535,63.67380142211915,64.83775189309124,68.33022308349608
8,4,710,3133561,8,0.0230701579537106,0.0890729905183391,0.2048099357487218,0.5167180618009481,0.610164745328819
8,4,710,3133561,9,0.091673956019228,0.2345617210770369,0.316367101705772,0.6196122358549889,0.7405919122892947
8,4,710,3133561,7,0.0039343687759798,0.0154336389647162,0.028787043487004,0.0559217640242672,0.1074139174155319
8,4,711,3133969,1,0.4968000631043009,0.5065121293543373,0.5072009173489445,0.5098802252424375,0.5208164281486793
8,4,711,3133969,3,0.3901977337317938,0.430354943811742,0.4350400384132433,0.4533834050715421,0.4721365476888914
8,1,4388,58213431,2,1.4,7.5,16.8,31.700000000000003,58.7
8,1,4388,58213431,4,798.2188720703125,849.356201171875,1154.5968017578125,1154.5968017578125,2313.454833984375
8,1,4388,58213431,5,1.6239999532699587,3.4293445095919077,6.547459417424363,6.547459417424363,6.770105595257389
8,1,4388,58213431,6,53.86148241240249,57.80929658223011,63.08653066951291,65.54034614606684,66.24133778616392
8,1,4388,58213431,8,0.0398280068695486,0.195183295258588,0.3866837489633247,0.3866837489633247,0.5174693944856255
8,1,4388,58213431,9,0.0698904540945772,0.1949711026291626,0.2295686738223296,0.2295686738223296,0.5249914658938358
8,1,4388,58213431,7,0.007181094314959,0.0108625327308898,0.0488350983699891,0.1832146060725639,0.218360666147167
8,1,4388,58213431,1,0.4940858885328685,0.5104914028286036,0.5158346526930239,0.5332900020706826,0.5332900020706826
8,1,4388,58213431,3,0.4021640633921341,0.4381771723507877,0.4613234428192495,0.4714887028768844,0.474043447185826
8,5,4,13875,2,1.8,8.8,17.6,33.800000000000004,58.6
8,5,4,13875,4,2020.5546875,2020.5546875,2020.5546875,2020.5546875,2020.5546875
8,5,4,13875,5,4.1835762142585615,4.1835762142585615,4.1835762142585615,4.1835762142585615,4.1835762142585615
8,5,4,13875,6,66.80780090100542,66.80780090100542,66.80780090100542,66.80780090100542,66.80780090100542
8,5,4,13875,8,0.5497141271584561,0.5497141271584561,0.5497141271584561,0.5497141271584561,0.5497141271584561
8,5,4,13875,9,0.091673956019228,0.091673956019228,0.091673956019228,0.091673956019228,0.091673956019228
8,5,4,13875,7,0.0756357020547718,0.0756357020547718,0.0756357020547718,0.0756357020547718,0.0756357020547718
8,5,4,13875,1,0.5127559329058675,0.5127559329058675,0.5127559329058675,0.5127559329058675,0.5127559329058675
8,5,4,13875,3,0.42333252249993,0.42333252249993,0.42333252249993,0.42333252249993,0.42333252249993
8,7,246,1201981,2,1.3,7.4,17,31.6,57.6
8,7,246,1201981,4,714.38812255859375,762.21441650390625,810.00567626953125,1954.58837890625,2062.08447265625
8,7,246,1201981,5,1.8283003971950371,1.9668065885864567,2.576155744714012,3.980667829734899,4.670000076293945
8,7,246,1201981,6,52.61631393432617,57.30897310332781,58.23641760560183,64.08305909448471,74.36331027453093
8,7,246,1201981,8,0.0155304844382827,0.0331266324015067,0.0434538464180914,0.0510919396225805,0.4000143759560175
8,7,246,1201981,9,0.094930714180839,0.2673039542741978,0.7557059635299489,0.817631504452552,0.8237937174700364
8,7,246,1201981,7,0.0015020223788247,0.0031862846801829,0.0070029376118846,0.0182661524195816,0.0904385763260728
8,7,246,1201981,1,0.4545023271627575,0.4945762058009265,0.4958760425862808,0.4958760425862808,0.5072008857146463
8,7,246,1201981,3,0.4137533518958004,0.4502294538686217,0.4636825946771722,0.4638184531345429,0.4641113768762344
8,2,2733,27366878,2,1.4,7.6,17.3,32.4,58.400000000000006
8,2,2730,27366078,4,714.38812255859375,797.1875,1311.9503173828125,2350.679931640625,4924.4326171875
8,2,2733,27366878,5,1.8283003971950371,2.890392989703396,3.938307129352848,5.914000034332275,8.372313424918428
8,2,2733,27366878,6,52.40542221069337,58.23641760560183,62.76720046997071,64.8364028930664,74.36331027453093
8,2,2731,27366268,8,0.0155304844382827,0.0428336345629779,0.1003356281547803,0.4000143759560175,0.6745380229796444
8,2,2731,27366268,9,0.0566050577630574,0.2126039743151916,0.3549993790574805,0.7432740915356171,0.817631504452552
8,2,2731,27366268,7,0,0.0068970651138978,0.0205877192411697,0.0488350983699891,0.218360666147167
8,2,2733,27366878,1,0.4545023271627575,0.4949420083061395,0.4966805918900528,0.5104914028286036,0.5290249649640723
8,2,2733,27366878,3,0.3692181425481028,0.428280756447257,0.4613234428192495,0.464012954440559,0.4837471440761312
8,0,7121,85580309,2,1.4,7.5,17,31.9,58.6
8,0,7118,85579509,4,725.75897216796875,798.2188720703125,1154.5968017578125,1869.72314453125,3752.89306640625
8,0,7121,85580309,5,1.6241868931128498,3.2409999370574947,5.895319829131922,6.547459417424363,6.770105595257389
8,0,7121,85580309,6,53.68780310677595,57.80929658223011,63.07806513519764,65.54034614606684,69.3464862729645
8,0,7119,85579699,8,0.0277594083666943,0.1311151906895946,0.2918391961134406,0.3866837489633247,0.5513818880074544
8,0,7119,85579699,9,0.0698904540945772,0.1949711026291626,0.2295686738223296,0.3382137586594972,0.7674703595594891
8,0,7119,85579699,7,0.0015020223788247,0.0108625327308898,0.0267273959352312,0.1832146060725639,0.218360666147167
8,0,7121,85580309,1,0.4734616910809783,0.5035668738741985,0.5158346526930239,0.5229989925439888,0.5332900020706826
8,0,7121,85580309,3,0.3969552156694149,0.4381771723507877,0.4613234428192495,0.4688837576053276,0.4769851034180579
4,3,1277,2020723,2,2.8000000000000003,13.9,28.3,45.2,67.3
4,3,1277,2020723,4,4225.537109375,8777.224609375,10257.5966796875,15624.7802734375,17466.65234375
4,3,1277,2020723,5,3.7323772634199295,7.174887707728342,7.955772701305571,9.060805609753324,11.4871669586735
4,3,1277,2020723,6,71.23856096396979,73.74846063006265,74.7166976928711,76.29510633788195,77.2970962524414
4,3,1277,2020723,8,6.593437047784e-4,0.0206014106353633,0.071629456005305,0.154243847682587,0.341254557648461
4,3,1277,2020723,9,0.0668207894077433,0.1069343307083372,0.2305000460394805,0.3632380430084979,0.5530145546701343
4,3,1277,2020723,7,0.0197565516854345,0.107921454720421,0.2583793347764493,0.4777156524900097,0.623768564538609
4,3,1277,2020723,1,0.4810049052254609,0.4959162369175636,0.5026614581722993,0.5098499725685292,0.5312963899536721
4,3,1277,2020723,3,0.173973632155357,0.2071509878240994,0.2737979158167173,0.2947859159240541,0.374878523008133
4,8,277,70324,2,2.4000000000000004,12.2,25.5,42.2,65.5
4,8,276,70320,4,4225.537109375,4225.537109375,8424.87890625,11671.84375,15876.5078125
4,8,276,70320,5,3.7323772634199295,3.7323772634199295,6.27600499163628,8.216331705835456,9.060805609753324
4,8,276,70320,6,73.19517330671225,73.19517330671225,73.331834615555465,75.70597441590441,77.2520126481444
4,8,277,70324,8,0.0331819091344673,0.109859953428272,0.1268038989522877,0.1268038989522877,0.3243721551122729
4,8,277,70324,9,0.046648755416416,0.0668207894077433,0.1902093917635596,0.4371657348971964,0.5380789234233833
4,8,277,70324,7,0.0285720545414821,0.0730732469445911,0.0730732469445911,0.2583793347764493,0.3838766806658192
4,8,277,70324,1,0.4741143703350515,0.4810049052254609,0.5008386061430383,0.5177019434421346,0.5224973426689308
4,8,277,70324,3,0.1899209156557311,0.2465030798061898,0.306641376137608,0.374878523008133,0.374878523008133
4,6,158,63618,2,3.6,18.1,34.300000000000004,52.7,71.2
4,6,158,63618,4,10593.7607421875,19287.216796875,25332.24609375,25332.24609375,25332.24609375
4,6,158,63618,5,7.96743106752163,10.12001705961012,11.399231952720775,11.399231952720775,12.215823178661823
4,6,158,63618,6,74.00295300979558,77.61119842529297,80.6181050929421,80.6181050929421,80.6181050929421
4,6,158,63618,8,0.0658063938233538,0.06685377174015,0.06685377174015,0.1939254657382063,0.427173227825258
4,6,158,63618,9,0.0860078184284794,0.2769794044691807,0.3925049266172077,0.3925049266172077,0.3925049266172077
4,6,158,63618,7,0.0419818322693556,0.1300463065706125,0.2724821418832717,0.2724821418832717,0.60433526587049
4,6,158,63618,1,0.5005914397538008,0.5059281594386127,0.5088843330096823,0.5088843330096823,0.5188496700625194
4,6,158,63618,3,0.1486216273208364,0.18867803685014,0.18867803685014,0.1965641010903824,0.261932812591113
4,4,954,2818296,2,3.4000000000000004,16.900000000000002,33.2,51.1,70
4,4,954,2818296,4,4163.76416015625,7443.00439453125,9303.18359375,15341.2451171875,21295.90625
4,4,953,2818131,5,5.787411663831859,7.174887707728342,9.060805609753324,12.026394659229137,12.956833224962088
4,4,954,2818296,6,71.90417902704384,73.91497670066501,75.82803265066055,77.61119842529297,77.61119842529298
4,4,952,2815665,8,0.008974924454467,0.071629456005305,0.2140497401265058,0.4555811407515761,0.4868292432808216
4,4,952,2815665,9,0.0618567723625243,0.2027946351368092,0.2770185090129647,0.3084057906668798,0.4147662886023354
4,4,952,2815665,7,0.0132266495646504,0.034362451299691,0.1082198841450412,0.27891068101587,0.677971849646745
4,4,954,2818296,1,0.4810049052254609,0.4959162369175636,0.5013660503661065,0.5105391133246244,0.5252942736920783
4,4,954,2818296,3,0.1504258467030348,0.1605550301357805,0.1893562681234316,0.2734900352289038,0.3277450726170614
4,1,611,623640,2,2.9000000000000004,14.2,26.9,42.900000000000006,65.60000000000001
4,1,611,623640,4,2361.096923828125,4498.7587890625,8790.1650390625,14445.013671875,15622.9365234375
4,1,611,623640,5,4.421000003814697,7.134779434179268,7.134779434179268,8.68372563415344,8.827304124554196
4,1,611,623640,6,62.149434149323824,62.149434149323824,73.71139669210082,77.1811967868049,79.00631166697625
4,1,611,623640,8,0.0399077525565156,0.1333249423237978,0.223268027592588,0.2923692990276781,0.4505124922620136
4,1,611,623640,9,0.0652354959442565,0.0652354959442565,0.1702376497196695,0.3726843354793965,0.6436313790200316
4,1,611,623640,7,0.0226706683174246,0.1064636808059259,0.3377449869120062,0.4970256982373894,0.4970256982373894
4,1,611,623640,1,0.4981851025775005,0.5083484878055943,0.5096468454207189,0.5104964435894472,0.5211440830601582
4,1,611,623640,3,0.2089530985857411,0.241008813699453,0.2695861642336334,0.2695861642336334,0.3108320844358866
4,5,51,273769,2,2.5,12.2,24.200000000000003,43.2,65.7
4,5,51,273769,4,2361.096923828125,2410.15185546875,2410.15185546875,2410.15185546875,8805.630859375
4,5,51,273769,5,4.619755889054456,4.619755889054456,4.619755889054456,4.619755889054456,8.748154044984199
4,5,51,273769,6,67.00832100020253,67.00832100020253,67.00832100020253,67.00832100020253,74.21687920323077
4,5,51,273769,8,0.0608436706815871,0.5866752738757727,0.5866752738757727,0.5866752738757727,0.5866752738757727
4,5,51,273769,9,0.0079228917458234,0.0747790522806244,0.0747790522806244,0.0747790522806244,0.2580409518037441
4,5,51,273769,7,0.0294633440197292,0.0437434590811091,0.0437434590811091,0.0437434590811091,0.1031871696727711
4,5,51,273769,1,0.4841994808869988,0.4841994808869988,0.4841994808869988,0.4841994808869988,0.5148585641600253
4,5,51,273769,3,0.2723375096001053,0.3075003767095327,0.3075003767095327,0.3075003767095327,0.3349449201855881
4,7,33,8188,2,3.2,15.5,30.200000000000003,47.5,68.8
4,7,33,8188,4,9793.375,10377.5244140625,10377.5244140625,10377.5244140625,11562.103515625
4,7,33,8188,5,6.374725799051212,6.374725799051212,6.374725799051212,6.374725799051212,8.473615519537805
4,7,33,8188,6,72.0473489888399,72.0473489888399,72.0473489888399,72.0473489888399,77.2560606675252
4,7,33,8188,8,0.0614921399623034,0.0614921399623034,0.0614921399623034,0.0614921399623034,0.1163711783817978
4,7,33,8188,9,0.0799663317918375,0.0799663317918375,0.0799663317918375,0.0799663317918375,0.6324453874799165
4,7,33,8188,7,0.1479024202895851,0.2160351954390496,0.2160351954390496,0.2160351954390496,0.2583793347764493
4,7,33,8188,1,0.4981851025775005,0.5130730641698175,0.5130730641698175,0.5130730641698175,0.5130730641698175
4,7,33,8188,3,0.2312841018280216,0.2312841018280216,0.2312841018280216,0.2312841018280216,0.2589499665595169
4,9,37,48690,2,1.9,10.1,21.6,36.8,61.5
4,9,37,48690,4,4225.537109375,4225.537109375,4225.537109375,9702.2353515625,14272.88671875
4,9,37,48690,5,3.724641603371863,3.7323772634199295,3.7323772634199295,6.062190991856132,8.012883186340334
4,9,37,48690,6,72.60945884055496,72.60945884055496,73.19517330671225,73.19517330671225,74.74069213867189
4,9,37,48690,8,0.1203080179972367,0.1219316075013038,0.1268038989522877,0.1268038989522877,0.2261326562017942
4,9,37,48690,9,0.0668207894077433,0.0668207894077433,0.0668207894077433,0.2322510333090526,0.3593780155577916
4,9,37,48690,7,0.0457818947874579,0.0730732469445911,0.0730732469445911,0.1048524014787589,0.1048524014787589
4,9,37,48690,1,0.4810049052254609,0.4810049052254609,0.4810049052254609,0.4987600635657176,0.5052373250875832
4,9,37,48690,3,0.2680304589240748,0.3527582286005058,0.374878523008133,0.374878523008133,0.374878523008133
4,2,2827,5355178,2,3,15.2,30.5,48.5,68.8
4,2,2825,5354924,4,4163.76416015625,7443.00439453125,9702.2353515625,15341.2451171875,19915.568359375
4,2,2824,5354759,5,3.7323772634199295,7.174887707728342,8.480196185595844,10.833430290222168,12.641923904418944
4,2,2825,5354924,6,67.1611169760006,73.37726289492956,75.13803173875134,77.04954350860454,77.61119842529298
4,2,2825,5352547,8,9.430454266295e-4,0.0507244797683781,0.1268038989522877,0.3655012879542804,0.4868292432808216
4,2,2825,5352547,9,0.0668207894077433,0.1154617470756626,0.2629472376858995,0.3227710763126986,0.5265196040103803
4,2,2825,5352547,7,0.0132266495646504,0.0437434590811091,0.1473348464294516,0.291213998016639,0.6693386324934012
4,2,2827,5355178,1,0.4810049052254609,0.4959162369175636,0.5013660503661065,0.5098499725685292,0.5277378758658071
4,2,2827,5355178,3,0.1504258467030348,0.1773513703555948,0.242332723922229,0.2947859159240541,0.374878523008133
4,0,3438,5978818,2,3,15.1,30.1,48,68.5
4,0,3436,5978564,4,2410.15185546875,6860.5634765625,9702.2353515625,15341.2451171875,19833.009765625
4,0,3435,5978399,5,4.01200008392334,7.134779434179268,8.026266235740321,10.650844573974608,12.641923904418944
4,0,3436,5978564,6,66.19458770751953,73.25825505098638,74.7166976928711,77.13799735898958,77.61119842529298
4,0,3436,5976187,8,9.430454266295e-4,0.0507244797683781,0.14115328609674271,0.36308090801072,0.4868292432808216
4,0,3436,5976187,9,0.0652354959442565,0.1069343307083372,0.2585611231748032,0.3227710763126986,0.5463489304150317
4,0,3436,5976187,7,0.0132266495646504,0.0474880616948284,0.1706057277055649,0.295748379778337,0.623768564538609
4,0,3438,5978818,1,0.4810049052254609,0.4959162369175636,0.5026614581722993,0.5098499725685292,0.5277378758658071
4,0,3438,5978818,3,0.1504258467030348,0.1805546691825306,0.2436554874215386,0.2947859159240541,0.374878523008133
1,3,1249,22530607,2,2.4000000000000004,12.8,26.700000000000003,43.2,65.2
1,3,1249,22530607,4,3848.86376953125,3984.711669921875,4877.53857421875,8661.033203125,11538.2744140625
1,3,1249,22530607,5,3.991595631198163,4.4370821241039815,5.910768548009785,7.690145113893713,9.529294519265015
1,3,1249,22530607,6,66.8629484409824,66.8757685364053,70.01622338372931,74.45172319711692,78.26354326343828
1,3,1249,22530607,8,0.1831208836819148,0.5223603165907771,0.5529457378840756,0.6160559093773744,0.7296071959402154
1,3,1249,22530607,9,0.0022748873424896,0.0022748873424896,0.0234841519964984,0.0331265612104833,0.0455553945762643
1,3,1249,22530607,7,0.0525642395869649,0.1102492519660338,0.1930627716951364,0.3855113572219417,0.3855113572219417
1,3,1249,22530607,1,0.478237590428443,0.4835692127522707,0.4841280516199387,0.490242446212931,0.5194653802866666
1,3,1249,22530607,3,0.1949852000397205,0.2281695064976474,0.282156139605043,0.344311146413072,0.344311146413072
1,8,221,93733,2,2.4000000000000004,12.2,25.200000000000003,41.1,63.3
1,8,221,93733,4,1550.04736328125,4182.015625,5351.79833984375,5351.79833984375,8977.2041015625
1,8,221,93733,5,2.823952198028565,5.977379286032556,6.9236974868725865,6.9236974868725865,10.86254374441598
1,8,221,93733,6,63.039505004882834,70.01575349121711,73.61317340694649,73.61317340694649,73.61317340694649
1,8,221,93733,8,0.1715256670755395,0.3446113077835173,0.6140197137049236,0.6140197137049236,0.7887088802208321
1,8,221,93733,9,0.0159010758357006,0.0313680694108315,0.0313680694108315,0.1336084271297616,0.4111899946781199
1,8,221,93733,7,0.0011448365398024,0.040658104829366,0.1333810334137757,0.1390406165098896,0.1390406165098896
1,8,221,93733,1,0.4442188025372237,0.4891778243353255,0.4891778243353255,0.4980858912039473,0.5382922008132794
1,8,221,93733,3,0.2576576634433514,0.2685325585726036,0.2685325585726036,0.3144279609039173,0.4337653266088832
1,6,35,6847,2,2.1,10.4,24.3,39.8,62.6
1,6,35,6847,4,2247.827880859375,2247.827880859375,2247.827880859375,22739.232421875,22739.232421875
1,6,35,6847,5,2.151190626371096,2.151190626371096,2.151190626371096,12.4847386199165,12.4847386199165
1,6,35,6847,6,69.8429436868916,73.315126296979,73.315126296979,73.75208635874257,73.75208635874257
1,6,35,6847,8,0.2517919502806397,0.253788858040942,0.6655829857893727,0.6655829857893727,0.6655829857893727
1,6,35,6847,9,0.0282898989425098,0.0282898989425098,0.0282898989425098,0.2249121910327931,0.2249121910327931
1,6,35,6847,7,0.0305849135807717,0.0305849135807717,0.0305849135807717,0.4270894825601529,0.4270894825601529
1,6,35,6847,1,0.4808968374800146,0.4808968374800146,0.4808968374800146,0.5062803730772827,0.50741410724527
1,6,35,6847,3,0.2686371540346803,0.3418992695229291,0.3418992695229291,0.3552431637378935,0.3552431637378935
1,4,429,16948434,2,3,14.3,28.200000000000003,44.2,64.9
1,4,429,16948434,4,4009.327392578125,4919.31396484375,5303.4580078125,5351.79833984375,8571.0556640625
1,4,429,16948434,5,5.910768548009785,5.910768548009785,6.775683870800407,6.9236974868725865,6.9236974868725865
1,4,429,16948434,6,70.25969507867917,70.25969507867917,73.26822029003655,73.61317340694649,74.34221712054018
1,4,429,16948434,8,0.5569605260253592,0.603411423396692,0.6140197137049236,0.6160559093773744,0.6795196183356194
1,4,429,16948434,9,0.0307517566222183,0.0313680694108315,0.0313680694108315,0.0382668415376167,0.0393280325951634
1,4,429,16948434,7,0.0304352500578911,0.0673137951600366,0.1390406165098896,0.1390406165098896,0.2073031220174964
1,4,429,16948434,1,0.4830748936234342,0.4891778243353255,0.4891778243353255,0.490242446212931,0.5084334576248286
1,4,429,16948434,3,0.222945693460031,0.2446720224974853,0.2685325585726036,0.2685325585726036,0.2957724220372806
1,1,478,2711677,2,1.8,8.9,18.9,33.300000000000004,58
1,1,478,2711677,4,1550.04736328125,1802.7164306640625,1903.33544921875,2034.9654541015625,4576.96435546875
1,1,478,2711677,5,1.792984358363245,1.971961098297536,2.207893944501901,2.823952198028565,10.953857091141888
1,1,478,2711677,6,62.04351043701172,62.04378360138981,62.94452664088877,63.38938095164904,72.1073389323372
1,1,478,2711677,8,0.0878338981180832,0.099902673650515,0.3208393762545288,0.4682542351487881,0.6096723160794087
1,1,478,2711677,9,0.1190303267850107,0.2207083508852397,0.3758793421477934,0.6104086721054767,0.6104086721054767
1,1,478,2711677,7,0.0014869662373626,0.0024240193106707,0.0208366535113298,0.0533443459394286,0.2299159992352833
1,1,478,2711677,1,0.4155795609738398,0.4435843032394627,0.4481964701895244,0.4553035420756903,0.4909190678325655
1,1,478,2711677,3,0.3487315395597481,0.3948759357691824,0.4128254819775532,0.4336702954362508,0.4617838819657221
1,5,61,1321955,2,2,10.1,21.6,37,60.8
1,5,61,1321955,4,1903.33544921875,1903.33544921875,1919.537353515625,4810.787109375,12484.0703125
1,5,61,1321955,5,1.971966624259949,1.971966624259949,2.039965391159058,5.297396086680683,8.581421218053476
1,5,61,1321955,6,62.94450378417969,62.94450378417969,66.07848358154297,70.20004305800437,75.22421131233767
1,5,61,1321955,8,0.1451223504909081,0.2442111725903976,0.2442111725903976,0.2517919502806397,0.3682277366087339
1,5,61,1321955,9,0.1336084271297616,0.1336084271297616,0.4045455165398287,0.4045455165398287,0.5363908063283176
1,5,61,1321955,7,0.0110385918162713,0.0172476777855754,0.1124669684944295,0.1124669684944295,0.3257628056715495
1,5,61,1321955,1,0.3906973731702143,0.4706350000037594,0.4706350000037594,0.4984325705963225,0.5382922008132794
1,5,61,1321955,3,0.2537767042925395,0.3082354123357974,0.3922280089635753,0.3922280089635753,0.4293984052494258
1,7,45,649945,2,1.8,9,19.8,34.300000000000004,58.7
1,7,45,649945,4,1903.33544921875,1903.33544921875,1903.33544921875,1903.33544921875,8834.6005859375
1,7,45,649945,5,1.792984358363245,1.9719666242599485,1.971966624259949,1.971966624259949,7.959316964011995
1,7,45,649945,6,62.94450378417968,62.94450378417968,62.94450378417969,62.94450378417969,74.45172319711692
1,7,45,649945,8,0.0878338981180832,0.2442111725903976,0.2442111725903976,0.352270449801543,0.5223603165907771
1,7,45,649945,9,0.0234841519964984,0.2078407876996107,0.4045455165398287,0.4045455165398287,0.6104086721054767
1,7,45,649945,7,0.0014869662373626,0.0083562054722322,0.1124669684944295,0.1124669684944295,0.2822847184282953
1,7,45,649945,1,0.4442188025372237,0.4642617070715354,0.4706350000037594,0.4706350000037594,0.479780342509621
1,7,45,649945,3,0.2281695064976474,0.3922280089635753,0.3922280089635753,0.4293984052494258,0.4422986231439509
1,9,47,67893,2,1.8,9.8,21.5,36.6,61.2
1,9,47,67893,4,1550.04736328125,1550.04736328125,2034.9654541015625,4111.74951171875,12198.2431640625
1,9,47,67893,5,1.971961098297536,2.730507059180074,3.070947885513306,3.357232390915024,9.99958838970776
1,9,47,67893,6,62.3955078125,63.039505004882834,63.05979897916757,68.62337549659868,75.95125560429514
1,9,47,67893,8,0.0878338981180832,0.1905544753098103,0.3258957300792037,0.3445658288694387,0.655694712198834
1,9,47,67893,9,0.0063176908245285,0.2207083508852397,0.2920062029340273,0.4232568670296555,0.6104086721054767
1,9,47,67893,7,0.0014869662373626,0.026549697020173,0.0635966307120138,0.1333810334137757,0.2140588255502875
1,9,47,67893,1,0.4162856571442344,0.4568690399245085,0.4612614276544858,0.4838041732108279,0.5026990394861618
1,9,47,67893,3,0.216054136183,0.3433659249043168,0.4056765974551211,0.4137666607871811,0.4617838819657221
1,2,2120,41631260,2,2.6,13.2,27.1,43.3,64.9
1,2,2120,41631260,4,3684.905029296875,4009.327392578125,5054.712890625,5351.79833984375,11538.2744140625
1,2,2120,41631260,5,3.357232390915024,4.762635001374759,6.226806919154904,6.9236974868725865,9.529294519265015
1,2,2120,41631260,6,65.83882052871014,68.6024095495591,72.31881084720946,73.61317340694649,78.26354326343828
1,2,2120,41631260,8,0.1831208836819148,0.5529457378840756,0.603411423396692,0.6160559093773744,0.6795196183356194
1,2,2120,41631260,9,0.0022748873424896,0.0203792258485885,0.0313680694108315,0.0382668415376167,0.1498461091028157
1,2,2120,41631260,7,0.0304352500578911,0.0673137951600366,0.1390406165098896,0.2274883265381293,0.3855113572219417
1,2,2120,41631260,1,0.4740702599475135,0.4835692127522707,0.4891778243353255,0.490242446212931,0.5194653802866666
1,2,2120,41631260,3,0.1949852000397205,0.2322995118019391,0.2685325585726036,0.3437394068628472,0.3518843372948911
1,0,2598,44342937,2,2.5,12.8,26.5,42.8,64.60000000000001
1,0,2598,44342937,4,1903.33544921875,3984.711669921875,4919.31396484375,5351.79833984375,11538.2744140625
1,0,2598,44342937,5,1.971966624259949,4.4370821241039815,6.226806919154904,6.9236974868725865,9.529294519265015
1,0,2598,44342937,6,62.94450378417969,66.8757685364053,71.96462707188746,73.61317340694649,78.26354326343828
1,0,2598,44342937,8,0.1831208836819148,0.5529457378840756,0.603411423396692,0.6140197137049236,0.6795196183356194
1,0,2598,44342937,9,0.0022748873424896,0.0203792258485885,0.0313680694108315,0.0382668415376167,0.4045455165398287
1,0,2598,44342937,7,0.0208366535113298,0.0673137951600366,0.1390406165098896,0.2115421565675338,0.3855113572219417
1,0,2598,44342937,1,0.4512697476578678,0.4831990809377167,0.4891778243353255,0.490242446212931,0.5194653802866666
1,0,2598,44342937,3,0.1949852000397205,0.2446720224974853,0.2685325585726036,0.344311146413072,0.401113736976645
3,3,335,188217,2,4.3,21.6,40,57.400000000000006,73.3
3,3,335,188217,4,14233.1240234375,21779.79296875,41185.75390625,50039.44140625,53371.03515625
3,3,335,188217,5,10.331934001577652,11.70483922009422,11.9873114497933,12.445268202065682,13.755290820729192
3,3,335,188217,6,71.22637754559675,74.5363998413086,81.42933389494057,81.65126057412691,83.09950137812797
3,3,333,188205,8,0.0545559505877718,0.2638204208234932,0.328179331474149,0.3730801885484647,0.4842195146012243
3,3,333,188205,9,0.0615645242028807,0.1275956574083335,0.1404092861380916,0.1898837856386387,0.2101418332994742
3,3,333,188205,7,0.0737905444906679,0.1806990423080981,0.2605315322398167,0.2652011862640747,0.5664072337184095
3,3,335,188217,1,0.5028726108304485,0.5028726108304485,0.5118419748719292,0.5273995382742759,0.54504577106381
3,3,335,188217,3,0.1340791698574775,0.1578657615684424,0.1578657615684424,0.1789998694646868,0.2115734156278602
3,8,117,6394,2,4.7,22.1,40.900000000000006,57.2,73.8
3,8,113,6113,4,27033.150390625,47187.3828125,56814.4296875,58055.06640625,79967.203125
3,8,113,6113,5,10.197432115748414,11.208131892991464,13.296933755161415,13.65866470336914,13.727359771728516
3,8,113,6113,6,81.9786961832412,82.40419769287111,82.8955698168796,83.75300000135132,84.32697357766074
3,8,117,6394,8,0.0112609423569122,0.0244418494769953,0.1442496257470315,0.2508140130606205,0.2903756260850303
3,8,117,6394,9,0.0057649476490721,0.0418530878291924,0.0785071219230181,0.2256647610657346,0.369683011381313
3,8,117,6394,7,0.0079131620310602,0.0606215125272958,0.2354111521618576,0.5136639323912039,0.5302277539938267
3,8,117,6394,1,0.4697260603792613,0.4915361992450534,0.5072081709800567,0.5173398941441478,0.5195598740438482
3,8,117,6394,3,0.1307146519716044,0.1309929260058142,0.1602939438555483,0.1813705715525817,0.1892651761622895
3,6,274,249489,2,4.800000000000001,22.5,42.2,58,74.10000000000001
3,6,274,249489,4,18612.40234375,32097.09765625,35610.5703125,41807.21875,44747.186848958336
3,6,274,249489,5,9.755545088480924,10.009879112243652,10.766751168286122,11.476217573687665,11.9873114497933
3,6,274,249489,6,80.76090240478518,82.10854055436187,82.69059316881591,83.05512771156444,84.24689300789072
3,6,274,249489,8,0.0474129493630607,0.1256258543192037,0.319942718707894,0.3504808943092198,0.470481325817427
3,6,274,249489,9,0.0340268043898926,0.089142044013079,0.1465570933965697,0.2032393464570799,0.273693824029838
3,6,274,249489,7,0.018667428860417,0.1270015283672322,0.1967945360875196,0.4114384379709279,0.6914645769428062
3,6,274,249489,1,0.4984852959282426,0.5049467320806978,0.5075797282772168,0.5145225342117686,0.5282964959382169
3,6,274,249489,3,0.1313097913450328,0.1395883357180988,0.1479773533250941,0.1813705715525817,0.1814391804258072
3,4,265,85048,2,4.9,23.200000000000003,42.3,58.3,74.3
3,4,264,84904,4,24260.103515625,41185.75390625,53774.47265625,53774.47265625,54738.58984375
3,4,264,84904,5,10.786108270095744,11.007309421587864,11.007309421587864,13.296933755161415,13.59224260094017
3,4,264,84904,6,74.53639984130861,81.9786961832412,83.02393371008513,83.95503899025199,83.95503899025199
3,4,261,84974,8,0.1128918569582277,0.1965368420541776,0.3504808943092198,0.4992843322263087,0.4992843322263087
3,4,261,84974,9,0.0321070593322659,0.0767717216434776,0.0767717216434776,0.1971439594871239,0.2256647610657346
3,4,261,84974,7,0.07809953181339,0.221891761243502,0.221891761243502,0.2415286792217569,0.4646825206095238
3,4,265,85048,1,0.4992253929788768,0.5092955474535636,0.5150289930840725,0.5150289930840725,0.5273995382742759
3,4,265,85048,3,0.1307229580219519,0.1307229580219519,0.1395883349993036,0.1756424856680059,0.1814385944876777
3,1,277,127378,2,4.6000000000000005,24,40.5,58.2,72.8
3,1,277,127378,4,14268.2685546875,14268.2685546875,35062.375,35062.375,35062.375
3,1,277,127378,5,11.425343869103209,11.425502496982366,12.872919303033786,12.872919303033786,12.872919303033786
3,1,277,127378,6,74.53639001184162,74.53639001184162,75.16736705478804,75.16736705478804,75.16820526123047
3,1,277,127378,8,0.3221779338988869,0.3868790455510246,0.5071997837217141,0.5071997837217141,0.5071997837217141
3,1,277,127378,9,0.0835729414682597,0.0835729414682597,0.1200138007633983,0.1200138007633983,0.1259174398859283
3,1,277,127378,7,0.1240585872413594,0.1240585872413594,0.1240585872413594,0.3094723290315316,0.3094723290315316
3,1,277,127378,1,0.5409047139938498,0.5502062990831845,0.5521133809280264,0.5521133809280264,0.5521133809280264
3,1,277,127378,3,0.1395867883767967,0.1395867883767967,0.170619935893191,0.170619935893191,0.1771902775717505
3,5,25,52039,2,5.1000000000000005,23.5,42.1,59.2,74.3
3,5,25,52039,4,20849.623046875,20849.623046875,20849.623046875,20849.623046875,46503.76953125
3,5,25,52039,5,10.331934001577652,11.47649218958183,11.47649218958183,11.47649218958183,11.47649218958183
3,5,25,52039,6,78.73662998722665,78.73662998722665,78.73662998722665,78.73662998722665,83.42088139938971
3,5,24,50039,8,0.1802741332967466,0.1802741332967466,0.1802741332967466,0.1802741332967466,0.3223688605370317
3,5,24,50039,9,0.0940952643442036,0.0940952643442036,0.0940952643442036,0.0940952643442036,0.1898837856386387
3,5,24,50039,7,0.0233441889434761,0.0233441889434761,0.0233441889434761,0.0233441889434761,0.2561516223513246
3,5,25,52039,1,0.5069213365283485,0.5218805369030961,0.5218805369030961,0.5218805369030961,0.5218805369030961
3,5,25,52039,3,0.1312173192179513,0.1444707880263025,0.1444707880263025,0.1444707880263025,0.1813705715525817
3,2,1025,594793,2,4.7,22.4,41.5,57.900000000000006,73.9
3,2,1020,594368,4,18612.40234375,29710.443359375,38335.34765625,46503.76953125,53774.47265625
3,2,1020,594368,5,9.80486475529738,10.715700495933143,11.476217573687665,11.9873114497933,13.59224260094017
3,2,1020,594368,6,72.854094622877,80.76090240478518,82.10854055436187,83.05509948730469,83.95503899025199
3,2,1018,592707,8,0.0545559505877718,0.1802741332967466,0.319942718707894,0.3504808943092198,0.4992843322263087
3,2,1018,592707,9,0.0340268043898926,0.089142044013079,0.1277911085878253,0.1898837856386387,0.2554927010382842
3,2,1018,592707,7,0.0233441889434761,0.1270015283672322,0.221891761243502,0.292525381135256,0.5664072337184095
3,2,1025,594793,1,0.4987590799690355,0.5049467320806978,0.5116517954205787,0.5179619784707357,0.5403459035790091
3,2,1025,594793,3,0.1307229580219519,0.1395883357180988,0.147977353417991,0.1769929098438657,0.1892651761622895
3,0,1302,722171,2,4.7,22.6,41.3,57.900000000000006,73.7
3,0,1297,721746,4,14268.2685546875,21779.79296875,35062.375,44146.08984375,53774.47265625
3,0,1297,721746,5,9.80486475529738,10.786108270095744,11.47649218958183,12.219961059208435,13.405883404690206
3,0,1297,721746,6,73.43765550477185,75.16736705478804,81.65126057412691,83.05509948730469,83.95503899025199
3,0,1295,720085,8,0.0545559505877718,0.2051200978483998,0.328179331474149,0.4096876476147207,0.5071997837217141
3,0,1295,720085,9,0.0424082190969637,0.089142044013079,0.1275956574083335,0.161537756188644,0.2283764183247564
3,0,1295,720085,7,0.0233441889434761,0.1240585872413594,0.211523610440433,0.3094723290315316,0.5296404204907288
3,0,1302,722171,1,0.5010874941804675,0.5062414822681897,0.5145225342117686,0.5282964959382169,0.5521133809280264
3,0,1302,722171,3,0.1307229580219519,0.1395883357180988,0.1479773535953787,0.170619935893191,0.1861092346509545
5,3,540,1226398,2,1.6,8.9,19.8,36,61.6
5,3,540,1226398,4,1060.9580078125,2499.267333984375,2499.267333984375,4941.4111328125,11879.296875
5,3,540,1226398,5,2.3945506714943736,2.757063922361355,3.080662627195664,4.31017836234803,8.406829833984375
5,3,540,1226398,6,63.3966894706124,67.95720371571758,67.97082961068732,71.13147284678236,72.4634017944336
5,3,540,1226398,8,0.0616403350567838,0.2172116975617717,0.2743750857799061,0.3459896112666302,0.5882176908608447
5,3,540,1226398,9,0.0570613955014155,0.0963193558748006,0.2931464738349665,0.3832470154164643,0.6057201448633585
5,3,540,1226398,7,0.0243501400579472,0.0385706854775801,0.0786915614017373,0.1417639501031674,0.4374991115426249
5,3,540,1226398,1,0.4736613196965984,0.496618892302973,0.5062617487930855,0.5338522419924749,0.5338522419924749
5,3,540,1226398,3,0.2722224685480056,0.3414179895179948,0.4167075754803293,0.4374500927166239,0.4575938084766148
5,8,44,4425,2,3.1,14.8,31.1,49,69.5
5,8,44,4425,4,2197.940185546875,12610.537109375,17698.2265625,17698.2265625,33671.03515625
5,8,44,4425,5,2.5830030187134514,8.528138160705565,8.528138160705565,8.556138038635252,12.769192097842025
5,8,44,4425,6,63.64851185410612,74.119598388671875,77.86180114746094,79.36579895019531,79.36579895019531
5,8,44,4425,8,0.0528506570573814,0.130507527385343,0.1473893934543262,0.2163802383895514,0.359186669483077
5,8,44,4425,9,0.013349830334955501,0.013349830334955501,0.0678668173408257,0.1766372143143449,0.398076003884569
5,8,44,4425,7,0.0114368023147635,0.0535577463883247,0.0865375606720726,0.1305478570483169,0.5326363568903874
5,8,44,4425,1,0.4894388640330004,0.4981578532937576,0.498282118028904,0.500405304349522,0.5196384747238427
5,8,44,4425,3,0.1735040713424844,0.2381072043482443,0.23810720624966,0.23810720624966,0.4473742455999941
5,6,74,161203,2,2.8000000000000003,13,26.5,44.1,66.7
5,6,74,161203,4,4878.37646484375,4878.37646484375,10684.896484375,33858.05859375,40633.625
5,6,74,161203,5,5.144848711414578,5.144848711414578,7.775550864851686,9.128946897269245,13.095554482254652
5,6,74,161203,6,71.7945942708634,71.7945942708634,76.1264012005207,78.36758916914636,82.26047064617939
5,6,74,161203,8,0.2570549230546064,0.3368124455305842,0.3884531158785392,0.5963268089978341,0.5963268089978341
5,6,74,161203,9,0.0529749290873397,0.082920097682051,0.082920097682051,0.1400522298047003,0.1822757676933374
5,6,74,161203,7,0,0.0640142380325946,0.1267194800693299,0.2231501113312344,0.4940791032912978
5,6,74,161203,1,0.4911772040840685,0.4966047126997274,0.4966047126997274,0.5035503663453795,0.5039360009867435
5,6,74,161203,3,0.2203503633734951,0.2381072044689718,0.2745950970407901,0.3420473030319171,0.3420473030319171
5,4,181,179662,2,2.2,11,23.8,37.6,60.6
5,4,181,179662,4,1060.9580078125,2142.860107421875,2142.860107421875,14003.625,29071.041015625
5,4,181,179662,5,2.400692754456501,3.6670000553131104,3.6670000553131104,7.463985443115234,11.232642173767092
5,4,181,179662,6,63.162279984523664,68.07468414306639,68.07468414306642,72.46340179443357,78.002197265625
5,4,181,179662,8,0.0164483186188896,0.0164483186188896,0.0616403350567838,0.4118939906634553,0.4887651344804415
5,4,181,179662,9,0.0708056493286248,0.1061434483411952,0.5099672712055707,0.7403582099539497,0.8647820713732279
5,4,181,179662,7,0.0243501400579472,0.0398145613255833,0.1041987603920807,0.3282573258834586,0.4900018140440675
5,4,181,179662,1,0.3025928303812384,0.4534400296384689,0.4894388640330004,0.4966270269392454,0.5132418302855762
5,4,181,179662,3,0.1836825812041265,0.2722224685348806,0.3504113521605625,0.3513076457693702,0.4145970163347333
5,1,3708,138597348,2,1.7000000000000002,9.4,20.5,34.9,59.5
5,1,3708,138597348,4,2142.337158203125,5394.54443359375,5394.54443359375,9856.224609375,9856.224609375
5,1,3708,138597348,5,2.2260000705718994,5.704999923706054,6.526999950408936,10.667413139283566,10.667413139283566
5,1,3708,138597348,6,63.64851185410612,68.19948577880861,68.19948577880861,76.89754395978592,76.89754395978592
5,1,3708,138597348,8,0.0428537254089888,0.0428537254089888,0.1465335109393988,0.1488481308506807,0.3769743551514802
5,1,3708,138597348,9,0.0182442951429584,0.0182442951429584,0.0846132163478785,0.0846132163478785,0.5099672712055707
5,1,3708,138597348,7,0.028049806776735,0.3282573258834586,0.4374991115426249,0.8753906811683868,0.8753906811683868
5,1,3708,138597348,1,0.4736613196965984,0.4736613196965984,0.4945507327192548,0.4945507327192548,0.5151105485889399
5,1,3708,138597348,3,0.3131312857757755,0.3131312857757755,0.4030986569110219,0.4030986569110219,0.4473742455999941
5,5,124,4179246,2,3,13.7,27.9,45.6,67.2
5,5,124,4179246,4,4761.9814453125,5251.330078125,19640.5,19640.5,19640.5
5,5,124,4179246,5,4.293000221252442,5.144848711414578,8.391136169433594,8.391136169433594,8.391136169433594
5,5,124,4179246,6,69.89138793945315,71.7945942708634,77.57779693603517,77.57779693603517,77.57779693603517
5,5,124,4179246,8,0.2960785817087125,0.2960785817087125,0.2960785817087125,0.4713858408957533,0.6918513008609246
5,5,124,4179246,9,0.0708056493286248,0.0846497663267884,0.1953198440720819,0.1953198440720819,0.1953198440720819
5,5,124,4179246,7,0.0542356818246662,0.0542356818246662,0.0542356818246662,0.1184713084349125,0.3282573258834586
5,5,124,4179246,1,0.4966047126997274,0.4966270269392454,0.4994555128267397,0.4994555128267397,0.4994555128267397
5,5,124,4179246,3,0.2381072050304177,0.2381072050304177,0.2381072050304177,0.3394088289371243,0.3420473030319171
5,7,65,85236,2,1.4,7.9,18,33.4,57
5,7,65,85236,4,10659.41015625,10659.41015625,10659.41015625,10972.3935546875,10972.3935546875
5,7,65,85236,5,7.137632846832276,7.137632846832276,7.50961399078369,7.50961399078369,7.6676058769226065
5,7,65,85236,6,71.09485418580373,71.1864013671875,71.1864013671875,72.39440155029298,72.39440155029298
5,7,65,85236,8,0.3680361155816448,0.3680361155816448,0.4436320050499397,0.4436320050499397,0.4436320050499397
5,7,65,85236,9,0.1211292310450328,0.1722167410492029,0.2017607247111752,0.2017607247111752,0.2017607247111752
5,7,65,85236,7,0.1441213401132545,0.1555849787267862,0.1555849787267862,0.2341185335208037,0.2341185335208037
5,7,65,85236,1,0.4934769633029668,0.4934769633029668,0.4934769633029668,0.4988861507341358,0.4988861507341358
5,7,65,85236,3,0.4284151397754145,0.4284151397754145,0.4284151397754145,0.4343159613235677,0.4343159613235677
5,9,2,231,2,3.3000000000000003,16.7,30.3,47,68.7
5,9,2,231,4,8356.1181640625,8356.1181640625,8356.1181640625,8356.1181640625,8356.1181640625
5,9,2,231,5,9.354609489440918,9.354609489440918,9.354609489440918,9.354609489440918,9.354609489440918
5,9,2,231,6,79.23590087890624,79.23590087890624,79.23590087890624,79.23590087890624,79.23590087890624
5,9,2,231,8,0.2411985718237977,0.2411985718237977,0.2411985718237977,0.2411985718237977,0.2411985718237977
5,9,2,231,9,0.4139505138958821,0.4139505138958821,0.4139505138958821,0.4139505138958821,0.4139505138958821
5,9,2,231,7,0.0594855878428411,0.0594855878428411,0.0594855878428411,0.0594855878428411,0.0594855878428411
5,9,2,231,1,0.4978142577653164,0.4978142577653164,0.4978142577653164,0.4978142577653164,0.4978142577653164
5,9,2,231,3,0.2172654661944871,0.2172654661944871,0.2172654661944871,0.2172654661944871,0.2172654661944871
5,2,1031,6136401,2,2.5,12.4,25.8,43.6,66.2
5,2,1031,6136401,4,2142.860107421875,4878.37646484375,16721.326171875,19640.5,19640.5
5,2,1031,6136401,5,2.757063922361355,4.31017836234803,8.391136169433594,8.391136169433594,8.42464828491211
5,2,1031,6136401,6,65.49468608921215,71.1864013671875,77.57779693603517,77.57779693603517,79.23590087890625
5,2,1031,6136401,8,0.0601486923625429,0.2960785817087125,0.2960785817087125,0.4436320050499397,0.6918513008609246
5,2,1031,6136401,9,0.0703135668630401,0.0846497663267884,0.1953198440720819,0.1953198440720819,0.4566821850852315
5,2,1031,6136401,7,0.028049806776735,0.0542356818246662,0.0542356818246662,0.2231501113312344,0.7369430752560168
5,2,1031,6136401,1,0.4919938919836182,0.4966262925690497,0.4994555128267397,0.4994555128267397,0.5338522419924749
5,2,1031,6136401,3,0.2164994341243982,0.2381072050304177,0.2381072050304177,0.3414179895179948,0.4374500927166239
5,0,4739,144733749,2,1.7000000000000002,9.5,20.700000000000003,35.300000000000004,59.900000000000006
5,0,4739,144733749,4,2142.337158203125,5394.54443359375,5394.54443359375,9856.224609375,9856.224609375
5,0,4739,144733749,5,2.3945506714943736,5.497000217437744,6.526999950408936,10.667413139283566,10.667413139283566
5,0,4739,144733749,6,63.64851185410612,68.19948577880861,68.19948577880861,76.89754395978592,76.89754395978592
5,0,4739,144733749,8,0.0428537254089888,0.0428537254089888,0.1465335109393988,0.1488481308506807,0.4887651344804415
5,0,4739,144733749,9,0.0182442951429584,0.0182442951429584,0.0846132163478785,0.0846497663267884,0.5099672712055707
5,0,4739,144733749,7,0.028049806776735,0.1305478570483169,0.4374991115426249,0.8753906811683868,0.8753906811683868
5,0,4739,144733749,1,0.4736613196965984,0.4736613196965984,0.4945507327192548,0.4945507327192548,0.5151105485889399
5,0,4739,144733749,3,0.3131312857757755,0.3131312857757755,0.4030986569110219,0.4030986569110219,0.4473742455999941
7,3,109,83872,2,3.1,16.2,33.800000000000004,52.8,72.10000000000001
7,3,90,82843,4,3444.322509765625,36878.55078125,48048.37890625,48048.37890625,48048.37890625
7,3,94,83026,5,4.3122148987698585,12.4526948928833,12.749460272927491,12.749460272927491,12.918225288391112
7,3,96,83029,6,66.61292431568715,81.7032957631449,83.05917473102556,83.05917473102556,83.51474941344007
7,3,105,83689,8,0.004660313376027,0.0350678511880291,0.0350678511880291,0.0350678511880291,0.0973428541149936
7,3,105,83689,9,6.452881380779e-4,0.06442211336294,0.06442211336294,0.06442211336294,0.3131128667476643
7,3,105,83689,7,0,0.1522683171678385,0.7595887868522624,0.7595887868522624,0.7656187622918718
7,3,109,83872,1,0.4912397916658385,0.5040209073016513,0.5075450413705628,0.5075450413705628,0.508914392763906
7,3,109,83872,3,0.1877273243555549,0.1932655815028052,0.1932655815028052,0.2038052349063513,0.3490416994906377
7,8,26,3672,2,2,10.6,23,39.900000000000006,63.5
7,8,22,3565,4,2075.863037109375,4783.60546875,6167.1357421875,6167.1357421875,36788.18359375
7,8,22,3565,5,4.189908144561322,4.395768047388028,5.757999897003175,5.757999897003175,12.630272849588206
7,8,22,3565,6,64.29920520244555,64.29920520244555,65.27380371093751,67.47953825156226,82.165138609656
7,8,26,3672,8,0.0254635728862487,0.0755747856961854,0.1010021563477382,0.1561331629542931,0.1561331629542931
7,8,26,3672,9,0,0.013091867690468,0.0149122710579276,0.0149122710579276,0.1160861184823418
7,8,26,3672,7,0,0,0.0361424035471112,0.0361424035471112,0.3313212536924868
7,8,26,3672,1,0.4913123747093726,0.4913123750766228,0.4913123753489071,0.4913123753489071,0.5075450413705628
7,8,26,3672,3,0.2073939700793805,0.3490416989654372,0.3490416989654372,0.349041699987225,0.3725786042039534
7,6,108,110700,2,3.6,19.1,36.4,54.900000000000006,73
7,6,108,110700,4,42708.046875,42708.046875,42708.046875,44988.34765625,48048.37890625
7,6,108,110700,5,12.4526948928833,12.749460272927491,12.74968719482422,12.74968719482422,12.74968719482422
7,6,108,110700,6,82.75599670410156,83.05917473102556,83.51474941344007,83.51474941344007,83.51474941344007
7,6,108,110700,8,0.0331737463552491,0.0350678511880291,0.0637824139953358,0.0637824139953358,0.0637824139953358
7,6,108,110700,9,0.06442211336294,0.0682604136381813,0.0682604136381813,0.0682604136381813,0.1651724271414837
7,6,108,110700,7,0.5685956765820007,0.7595887868522624,0.7656187622918718,0.7656187622918718,0.7656187622918718
7,6,108,110700,1,0.5040209073016513,0.5075450413705628,0.508914392763906,0.508914392763906,0.508914392763906
7,6,108,110700,3,0.1877273243555549,0.1877273243555549,0.1877273243555549,0.1932655815028052,0.2038052349063513
7,4,113,250776,2,2.2,11.7,25.9,43.8,66.4
7,4,63,165897,4,2075.863037109375,2269.4189453125,2447.81201171875,2447.81201171875,48048.37890625
7,4,65,165934,5,5.698875904083252,6.365861415863037,6.365861415863037,6.687854290008546,12.749460272927491
7,4,80,171390,6,69.87689971923828,69.87689971923828,69.87689971923828,69.87689971923831,83.05917473102556
7,4,95,242855,8,0.0189246996353224,0.057552079927061,0.4025311503397489,0.4274975690735439,0.4274975690735439
7,4,95,242855,9,0,0.0243355375525319,0.0243355375525319,0.1972399803189688,0.2595401742649895
7,4,95,242855,7,0.0016077963912666,0.0025961787511406,0.0025961787511406,0.1177607263564954,0.5661732926036608
7,4,113,250776,1,0.4847977227932216,0.4847977227932216,0.4905585136565489,0.4955442357024716,0.508914392763906
7,4,113,250776,3,0.2073939700793805,0.2667525797948591,0.3584243305581732,0.3681987431362682,0.3725786042039534
7,1,50,72350,2,1.9,10.4,22.3,38.7,61.8
7,1,47,72149,4,2626.361328125,3426.060302734375,3426.060302734375,3426.060302734375,6167.1357421875
7,1,48,72217,5,2.2179999351501465,2.6270000934600826,2.6270000934600826,2.6270000934600826,5.757999897003175
7,1,50,72350,6,59.4022958962718,59.8508186340332,59.8508186340332,65.27380371093751,68.0974979259717
7,1,49,72282,8,0.01457203000059,0.01457203000059,0.01457203000059,0.0373302499988007,0.158803107377797
7,1,49,72282,9,0.0079994235679778,0.0079994235679778,0.0079994235679778,0.0149122710579276,0.0200489423141173
7,1,49,72282,7,0,0.0056065765955354,0.0056065765955354,0.0204944307375421,0.0361424035471112
7,1,50,72350,1,0.4913123746316501,0.4913123747396431,0.4913123753337078,0.4913123753337078,0.4913123753489071
7,1,50,72350,3,0.3490416987071842,0.3490416994906377,0.3490416999529407,0.3490416999529407,0.3490416999529407
7,5,22,114109,2,2.3000000000000003,12,26.1,45.400000000000006,68.2
7,5,19,104840,4,2626.361328125,2626.361328125,2626.361328125,28394.1640625,31651.189453125
7,5,20,104846,5,2.2179999351501465,2.2179999351501465,2.2179999351501465,12.326214790344237,12.384325685899068
7,5,21,114041,6,64.79280090332033,66.38579559326175,66.38579559326175,80.419708251953125,81.80450439453124
7,5,21,114103,8,1.582572363391e-4,0.0296688275518781,0.0296688275518781,0.0458208818356536,0.1561331629542931
7,5,21,114103,9,0.0037053789640166,0.0121342048576608,0.0121342048576608,0.0200489423141173,0.5115705884474128
7,5,21,114103,7,0,0.0204944307375421,0.0204944307375421,0.0494944110128726,0.2838973352609826
7,5,22,114109,1,0.4913123746316501,0.4913123746316501,0.4913123746316501,0.4973214117095776,0.516460895941474
7,5,22,114109,3,0.1957109754084586,0.2199857100801436,0.3490416997535396,0.3490416997535396,0.3490416997535396
7,2,390,622401,2,2.5,12.9,28.4,47.1,69.10000000000001
7,2,314,527117,4,2075.863037109375,2447.81201171875,4836.57470703125,42708.046875,48048.37890625
7,2,321,527343,5,2.2179999351501465,5.777365998754104,6.365861415863037,12.749460272927491,12.74968719482422
7,2,339,541997,6,66.38579559326175,69.57878875732422,69.87689971923831,83.05917473102556,83.51474941344007
7,2,367,614291,8,0.0158423939598118,0.0296688275518781,0.057552079927061,0.2597426025019768,0.4274975690735439
7,2,367,614291,9,0,0.0121342048576608,0.06442211336294,0.0682604136381813,0.4437852878325478
7,2,367,614291,7,0,0.0025961787511406,0.0361424035471112,0.7595887868522624,0.7656187622918718
7,2,390,622401,1,0.4847977227932216,0.4905585136565489,0.4952973074594007,0.5075450413705628,0.5149030482833266
7,2,390,622401,3,0.1877273243555549,0.1932655815028052,0.2667525797948591,0.3490416997535396,0.3725786042039534
7,0,440,694751,2,2.4000000000000004,12.6,27.700000000000003,46.2,68.60000000000001
7,0,361,599266,4,2075.863037109375,2626.361328125,4169.232421875,42708.046875,48048.37890625
7,0,369,599560,5,2.2179999351501465,4.91674893114779,6.365861415863037,12.749460272927491,12.74968719482422
7,0,389,614347,6,59.8508186340332,67.47953825156226,69.87689971923828,83.05917473102556,83.51474941344007
7,0,416,686573,8,0.01457203000059,0.0296688275518781,0.0447166771107361,0.1561331629542931,0.4274975690735439
7,0,416,686573,9,0,0.0079994235679778,0.0243355375525319,0.0682604136381813,0.4437852878325478
7,0,416,686573,7,0,0.0025961787511406,0.0209148352351613,0.5685956765820007,0.7656187622918718
7,0,440,694751,1,0.4847977227932216,0.4913123739541329,0.4913123753337078,0.5075450413705628,0.513618090527347
7,0,440,694751,3,0.1877273243555549,0.1957109754084586,0.3490416988404436,0.3490416999529407,0.3681987431362682
6,3,328,141080,2,4,20.6,38.2,57.1,73.10000000000001
6,3,327,140911,4,40264.6171875,46574.2578125,54345.90234375,64509.765625,73907.53125
6,3,328,141080,5,13.199175749159666,13.552523184694811,13.72851522496406,13.997432985687723,14.171437221808269
6,3,328,141080,6,76.2322183610143,78.43609980433395,80.35380554199219,82.76480310624946,82.86479925901726
6,3,328,141080,8,0.0414406715901323,0.1321771194054222,0.2012866159969338,0.275573507466902,0.3730511656260502
6,3,328,141080,9,0.013354403378225,0.0274168328890603,0.0550963550583325,0.0952126540701211,0.1778344220690614
6,3,328,141080,7,0.2291456465517937,0.3542960353443734,0.4091268487708572,0.5052205268699331,0.8456949473266443
6,3,328,141080,1,0.4989512120928758,0.5065590230180385,0.5102056224563303,0.5119025880397872,0.5148647456810997
6,3,328,141080,3,0.1467195673211759,0.1537350315039057,0.1816705413076011,0.1836287240473178,0.194936929058645
6,8,48,7922,2,3.7,18.7,35.300000000000004,54.400000000000006,72.2
6,8,48,7922,4,46574.2578125,73907.53125,73907.53125,73907.53125,73907.53125
6,8,48,7922,5,13.272536277770994,13.272536277770994,13.272536277770994,13.272536277770994,14.171437221808269
6,8,48,7922,6,81.04399871826172,81.04399871826172,81.04399871826172,81.04399871826172,82.86479925901726
6,8,48,7922,8,0.0414406715901323,0.0414406715901323,0.0414406715901323,0.0414406715901323,0.1563030674042363
6,8,48,7922,9,0.0274168328890603,0.0550963550583325,0.0550963550583325,0.0550963550583325,0.0550963550583325
6,8,48,7922,7,0.4091268487708572,0.8456949473266443,0.8456949473266443,0.8456949473266443,0.8456949473266443
6,8,48,7922,1,0.5048840233686804,0.5048840233686804,0.5048840233686804,0.5048840233686804,0.5114665332251287
6,8,48,7922,3,0.1467195673211759,0.194936929058645,0.194936929058645,0.194936929058645,0.194936929058645
6,6,548,1899847,2,3.7,19,35.7,55,72.3
6,6,548,1899847,4,46574.2578125,63621.25390625,73907.53125,73907.53125,73907.53125
6,6,548,1899847,5,13.272536277770994,13.272536277770994,13.272536277770994,13.864515304565431,14.185503959655762
6,6,548,1899847,6,78.7365552626176,80.44200134277344,81.04399871826172,81.04399871826172,82.86479925901726
6,6,548,1899847,8,0.0414406715901323,0.0414406715901323,0.0414406715901323,0.0941769789842135,0.191673941136566
6,6,548,1899847,9,0.0255394665991795,0.0550963550583325,0.0550963550583325,0.0877761133726971,0.1692238059154785
6,6,548,1899847,7,0.3542960353443734,0.5894109721149745,0.8456949473266443,0.8456949473266443,0.8456949473266443
6,6,548,1899847,1,0.5002033587414806,0.5048840233686804,0.5048840233686804,0.5048840233686804,0.5114665332251287
6,6,548,1899847,3,0.1467195673211759,0.1894947569552069,0.194936929058645,0.194936929058645,0.1982147582073789
6,4,373,1759664,2,3.6,19,36.3,56.1,72.9
6,4,373,1759664,4,46381.5234375,46381.5234375,49537.3359375,67730.484375,73907.53125
6,4,373,1759664,5,13.131212097657995,13.131212097657995,13.451655916018703,13.552523184694811,13.552523184694811
6,4,373,1759664,6,77.23375247014712,77.23375247014712,78.7365552626176,79.63995224521413,81.04399871826172
6,4,372,1759614,8,0.0414406715901323,0.091158290901087,0.1104618410335657,0.1739210765385242,0.1786268761446716
6,4,372,1759614,9,0.0426415644351937,0.0426415644351937,0.1179753921805399,0.1743059049739156,0.1743059049739156
6,4,372,1759614,7,0.2911645007937377,0.2911645007937377,0.6003640234575278,0.6539014485113733,0.8456949473266443
6,4,373,1759664,1,0.5048840233686804,0.5056268351386825,0.5135048811297286,0.5155638088918004,0.5155638088918004
6,4,373,1759664,3,0.1631722107412582,0.1631722107412583,0.1811005015556394,0.2166566941537821,0.2166566941537821
6,1,3,271,2,4.4,21.5,38.8,57,73.2
6,1,3,271,4,48391.13671875,48391.13671875,48391.13671875,48391.13671875,68581.671875
6,1,3,271,5,13.997432985687723,14.0374333361808,14.0374333361808,14.0374333361808,14.0374333361808
6,1,3,271,6,81.86080329475085,82.86474904247855,82.86474904247855,82.86474904247855,82.86474904247855
6,1,3,271,8,0.224869370492517,0.224869370492517,0.224869370492517,0.224869370492517,0.2645139771632641
6,1,3,271,9,0.0255394665991795,0.0255394665991795,0.0255394665991795,0.0255394665991795,0.0653584062508527
6,1,3,271,7,0.3542960353443734,0.5052205268699331,0.5052205268699331,0.5052205268699331,0.5052205268699331
6,1,3,271,1,0.4989512120928758,0.5133112163936174,0.5133112163936174,0.5133112163936174,0.5133112163936174
6,1,3,271,3,0.1637747100110033,0.1637747100110033,0.1637747100110033,0.1637747100110033,0.1812573827499951
6,5,8,1647,2,3.2,17.5,33.6,52.900000000000006,69.8
6,5,8,1647,4,56028.125,80770.3671875,80770.3671875,80770.3671875,80770.3671875
6,5,8,1647,5,13.272536277770994,13.817517280578617,13.817517280578617,13.817517280578617,13.952512741088867
6,5,8,1647,6,78.53600311279297,78.53600311279297,78.53600311279297,78.53600311279297,81.04399871826172
6,5,8,1647,8,0.0029661866891592,0.0029661866891592,0.0029661866891592,0.0276120765571652,0.1631763892667682
6,5,8,1647,9,7.381892739313645e-8,7.381892739313645e-8,7.381892739313645e-8,0.0158695439819345,0.1049855425299313
6,5,8,1647,7,0.3891761657957814,0.3891761657957814,0.3891761657957814,0.3891761657957814,0.8456949473266443
6,5,8,1647,1,0.4808188998810332,0.4808188998810332,0.4808188998810332,0.4987437656965717,0.5048840233686804
6,5,8,1647,3,0.194936929058645,0.20943049616687,0.20943049616687,0.20943049616687,0.2541295074655052
6,9,17,8262,2,3.8,19.6,37.4,56.7,73
6,9,17,8262,4,44411.109375,44411.109375,44411.109375,48826.98828125,66451.1015625
6,9,17,8262,5,13.17534254127172,13.35341262817383,13.35341262817383,13.35341262817383,14.185503959655762
6,9,17,8262,6,76.5300408438485,80.240997314453125,80.35380554199219,80.35380554199219,80.35380554199219
6,9,17,8262,8,0.0941769789842135,0.279469973786063,0.3758368279707526,0.3758368279707526,0.3758368279707526
6,9,17,8262,9,0.013354403378225,0.013354403378225,0.013354403378225,0.057359544324587,0.1692238059154785
6,9,17,8262,7,0.2978370477582869,0.2978370477582869,0.2978370477582869,0.3118737896737301,0.6261011465081996
6,9,17,8262,1,0.5002033587414806,0.5045325696772844,0.5045325696772844,0.5045325696772844,0.5148647456810997
6,9,17,8262,3,0.1825899108488777,0.1842815104105802,0.1842815104105802,0.1842815104105802,0.1920853026028493
6,2,1324,3820128,2,3.7,19,36.1,55.6,72.60000000000001
6,2,1323,3819959,4,46381.5234375,49537.3359375,67730.484375,73907.53125,73907.53125
6,2,1324,3820128,5,13.131212097657995,13.272536277770994,13.272536277770994,13.552523184694811,14.171437221808269
6,2,1324,3820128,6,77.23375247014712,78.7365552626176,79.73999786376952,81.04399871826172,82.11180114746094
6,2,1323,3820078,8,0.0414406715901323,0.0414406715901323,0.0911582909010871,0.1544725709297108,0.2462785293126445
6,2,1323,3820078,9,0.0274168328890603,0.0550963550583325,0.0550963550583325,0.1179753921805399,0.1743059049739156
6,2,1323,3820078,7,0.2911645007937377,0.4257621189530201,0.6261011465081996,0.8456949473266443,0.8456949473266443
6,2,1324,3820128,1,0.5002033587414806,0.5048840233686804,0.5056268351386825,0.5135048811297286,0.5155638088918004
6,2,1324,3820128,3,0.1537350315039057,0.1811005015556394,0.194936929058645,0.194936929058645,0.2166566941537821
6,0,1327,3820399,2,3.7,19,36.1,55.6,72.60000000000001
6,0,1326,3820230,4,46381.5234375,49537.3359375,67730.484375,73907.53125,73907.53125
6,0,1327,3820399,5,13.131212097657995,13.272536277770994,13.272536277770994,13.552523184694811,14.171437221808269
6,0,1327,3820399,6,77.23375247014712,78.7365552626176,79.73999786376952,81.04399871826172,82.11180114746094
6,0,1326,3820349,8,0.0414406715901323,0.0414406715901323,0.0911582909010871,0.1544725709297108,0.2462785293126445
6,0,1326,3820349,9,0.0274168328890603,0.0550963550583325,0.0550963550583325,0.1179753921805399,0.1743059049739156
6,0,1326,3820349,7,0.2911645007937377,0.4308999289113783,0.6261011465081996,0.8456949473266443,0.8456949473266443
6,0,1327,3820399,1,0.5002033587414806,0.5048840233686804,0.5056268351386825,0.5135048811297286,0.5155638088918004
6,0,1327,3820399,3,0.1537350315039057,0.1811005015556394,0.194936929058645,0.194936929058645,0.2166566941537821
2,3,2237,17801981,2,3.2,16.1,33.300000000000004,51,68.9
2,3,2234,17797535,4,5074.98046875,9834.5234375,12059.6103515625,12723.4248046875,17392.6171875
2,3,2237,17801981,5,6.635614902137652,7.433068300138308,7.5452245951214385,8.081089973449707,9.386940026118785
2,3,2237,17801981,6,68.66139221191408,72.4678955078125,77.27433287321057,77.63402105440254,78.43266616691429
2,3,2237,17801981,8,0.1985645840874226,0.3526442729903879,0.4350169986319847,0.5943254210626117,0.6337464413128481
2,3,2237,17801981,9,0.0087516839988301,0.0443474556678655,0.1244918083891789,0.189916485847923,0.2434108102498766
2,3,2237,17801981,7,0.0308680988979177,0.1138595747206261,0.148773876676398,0.1727283334088009,0.3877616792109556
2,3,2237,17801981,1,0.4821679761908969,0.4847437593449855,0.4917548055027925,0.4941344155548388,0.5082264794446616
2,3,2237,17801981,3,0.1558658299212431,0.1766860078601865,0.2214274216517006,0.2671890905735138,0.3413538865501631
2,8,583,266065,2,3.6,17,34.300000000000004,51.6,69.4
2,8,582,265965,4,7218.96923828125,9051.732421875,11169.8955078125,12644.2919921875,12644.2919921875
2,8,583,266065,5,4.764930035146096,4.764930035146096,7.189591905957635,7.189591905957635,8.542225644625006
2,8,583,266065,6,70.64304147723439,70.64304147723439,74.84838017564991,77.46067754095054,77.46067754095054
2,8,583,266065,8,0.0136574898464309,0.0136574898464309,0.3820272368249132,0.3820272368249132,0.595724613167695
2,8,583,266065,9,0.0288718467527263,0.2268398890423167,0.2268398890423167,0.7350709061964462,0.7350709061964462
2,8,583,266065,7,0.0222857649054565,0.0222857649054565,0.1440812065088551,0.1440812065088551,0.5531391366627466
2,8,583,266065,1,0.4881618355409175,0.4887145870589686,0.4917548055027925,0.4917548055027925,0.5082264794446616
2,8,583,266065,3,0.1763397093864986,0.1763397093864986,0.1936828088709689,0.2630624698454644,0.2999719086744829
2,6,46,83650,2,4.9,22.5,40.5,55.900000000000006,71.4
2,6,46,83650,4,10416.2041015625,12644.2919921875,12644.2919921875,13001.7841796875,39917.84375
2,6,46,83650,5,7.189591905957635,7.189591905957635,8.022710183417253,8.467466916775411,12.18249917869137
2,6,46,83650,6,70.98741968207808,77.46067754095054,77.63402105440254,79.14431127858694,83.14223658112024
2,6,46,83650,8,0.1508803799440742,0.3728411532343622,0.3820272368249132,0.3820272368249132,0.595724613167695
2,6,46,83650,9,0.0048564605270414,0.0336897125548252,0.1714327467766042,0.2268398890423167,0.2268398890423167
2,6,46,83650,7,0.0817376052954518,0.1440812065088551,0.1440812065088551,0.3129785855524716,0.3264470527242916
2,6,46,83650,1,0.4860222482920366,0.4917548055027925,0.4923166066829064,0.4952081911054123,0.5096415239557647
2,6,46,83650,3,0.1174252307034504,0.1228566374541916,0.1763397093864986,0.1763397093864986,0.2496976891148631
2,4,1539,35972086,2,2.9000000000000004,14.7,31.3,49.7,69.4
2,4,1514,35929617,4,7218.96923828125,7588.04833984375,12358.7412109375,24307.595703125,40671.76953125
2,4,1539,35972086,5,7.3439548822488065,7.843499739075443,8.323092460632322,9.07710075378418,13.292099952697756
2,4,1539,35972086,6,70.30889892578125,71.62490081787108,73.36589813232425,79.41556429498223,84.73079681396484
2,4,1539,35972086,8,0.1877057580373281,0.2640884283458726,0.3632716851039815,0.5155960456516853,0.7410344155835745
2,4,1539,35972086,9,0.0099567645455788,0.021135259496515,0.0479713276030399,0.1103357707043105,0.2434108102498766
2,4,1539,35972086,7,0.0240404065237383,0.0301342380620349,0.1046967448490186,0.2476390692689935,0.4190425254990528
2,4,1539,35972086,1,0.4770694541075281,0.4861055357017034,0.4945300359850298,0.4976734429725049,0.5264575813475378
2,4,1539,35972086,3,0.1315132776254303,0.1380161795275471,0.2761964261617652,0.3394712546142628,0.3440968668409986
2,1,1143,4724107,2,2.6,12.9,26.700000000000003,44.3,65.3
2,1,1143,4724107,4,3065.375244140625,3962.2431640625,4142.90625,4714.27734375,6926.66943359375
2,1,1143,4724107,5,3.803096737881323,5.20865524587686,5.880192123188537,6.066758894940586,7.832364686088522
2,1,1143,4724107,6,63.1688846542574,65.00114294680164,67.08914203985779,67.68392316683827,69.79264681979545
2,1,1143,4724107,8,0.245829895834245,0.38593626634177,0.4165514212961592,0.5509789085735113,0.5526301109638825
2,1,1143,4724107,9,0.0073416126966132,0.0111486220484825,0.0115994673769334,0.0122173133973372,0.0847565927083818
2,1,1143,4724107,7,0.0211846865723141,0.024298651192036,0.0372480541922867,0.046680618162124,0.1107543453675903
2,1,1143,4724107,1,0.4893691041331027,0.5009879908488928,0.5101449466842172,0.5286766274076914,0.5381428429294142
2,1,1143,4724107,3,0.2364124197643599,0.2514628979543176,0.28262821955763,0.3171771810582883,0.34235132116769
2,5,179,3203204,2,2.7,13.1,28.200000000000003,45.7,66.3
2,5,177,3203136,4,6926.66943359375,8697.1728515625,9294.525390625,10820.7236328125,12644.2919921875
2,5,179,3203204,5,6.828822882525546,7.802256584167481,7.802256584167481,8.834290504455566,9.515313148498535
2,5,179,3203204,6,66.82337951660156,70.362396240234375,70.65540313720703,72.46789550781251,77.46067754095054
2,5,178,3200839,8,0.2065458019593291,0.3411692978071112,0.5897292502238098,0.6478984413782172,0.6478984413782172
2,5,178,3200839,9,0.0027947871623122,0.0361080041934761,0.1046487464257747,0.1046487464257747,0.3151532518455947
2,5,178,3200839,7,0.0372480541922867,0.0604127536223456,0.1440812065088551,0.1955191392690821,0.233345605241013
2,5,179,3203204,1,0.4831984581809034,0.4893691041331027,0.4970402887592687,0.5171416899321892,0.5171416899321892
2,5,179,3203204,3,0.1763397093864986,0.2850683930928101,0.2850683930928101,0.3297547074785298,0.34235132116769
2,7,3,5439,2,2.3000000000000003,12,24.9,41.400000000000006,63.400000000000006
2,7,3,5439,4,8224.896484375,8224.896484375,8224.896484375,8224.896484375,8224.896484375
2,7,3,5439,5,8.619095802307127,8.619095802307127,8.619095802307127,8.619095802307127,8.619095802307127
2,7,3,5439,6,71.25890350341797,71.25890350341797,71.25890350341797,71.25890350341797,71.25890350341797
2,7,3,5439,8,0.4601764874427165,0.4601764874427165,0.4601764874427165,0.4601764874427165,0.4601764874427165
2,7,3,5439,9,0.0348325430930081,0.0348325430930081,0.0348325430930081,0.0348325430930081,0.0348325430930081
2,7,3,5439,7,0.1444639233543782,0.1444639233543782,0.1444639233543782,0.1444639233543782,0.1444639233543782
2,7,3,5439,1,0.4975061601991964,0.4975061601991964,0.4975061601991964,0.4975061601991964,0.4975061601991964
2,7,3,5439,3,0.3075929924092139,0.3075929924092139,0.3075929924092139,0.3075929924092139,0.3075929924092139
2,9,12,22572,2,3.7,18.1,36.9,53.8,70.7
2,9,12,22572,4,10614.99609375,10614.99609375,13153.919921875,13153.919921875,13153.919921875
2,9,12,22572,5,6.477069981033993,6.477069981033993,7.770794693985851,7.770794693985851,8.142577171325684
2,9,12,22572,6,73.69095755913153,73.69095755913153,77.40711374453016,77.40711374453016,77.40711374453016
2,9,12,22572,8,0.2853573809840487,0.2853573809840487,0.3399033822359106,0.3399033822359106,0.3526442729903879
2,9,12,22572,9,0.189916485847923,0.1903686128973042,0.2009519332693493,0.2009519332693493,0.2009519332693493
2,9,12,22572,7,0.1012526538048667,0.1012526538048667,0.1460453699257721,0.1460453699257721,0.1460453699257721
2,9,12,22572,1,0.4835084425708998,0.4850047271227978,0.4850047271227978,0.4851750697765303,0.4921847554091323
2,9,12,22572,3,0.1846305921361829,0.1846305921361829,0.1846305921361829,0.262857641056933,0.262857641056933
2,2,4645,57995917,2,3,15,31.8,49.900000000000006,69.10000000000001
2,2,4614,57948834,4,7218.96923828125,8264.7177734375,12358.7412109375,15146.1123046875,36844.59765625
2,2,4645,57995917,5,7.189591905957635,7.5452245951214385,8.189091682434082,9.077100753784178,12.715095520019531
2,2,4645,57995917,6,68.9239044189453,71.25890350341797,75.377899169921875,77.81869369091739,84.32379913330077
2,2,4644,57993552,8,0.1877057580373281,0.3195663862676489,0.3705017956328809,0.5520977494033178,0.6942182043382615
2,2,4644,57993552,9,0.0099567645455788,0.0306820277269739,0.0725354855209194,0.1318942854909371,0.2434108102498766
2,2,4644,57993552,7,0.0240404065237383,0.0551980444196514,0.1440812065088551,0.2032200901717523,0.4190425254990528
2,2,4645,57995917,1,0.4821679761908969,0.4860222482920366,0.4928357687015617,0.4976734429725049,0.5256639831010409
2,2,4645,57995917,3,0.1315132776254303,0.1763397093864986,0.230502459881443,0.3229363316062195,0.3440968668409986
2,0,5788,62720024,2,2.9000000000000004,14.8,31.4,49.5,68.8
2,0,5757,62672941,4,4137.2001953125,7588.04833984375,12059.6103515625,13153.919921875,35622.21484375
2,0,5788,62720024,5,5.880192123188537,7.515496836359634,7.9470887184143075,8.904931356119876,10.727060317993164
2,0,5788,62720024,6,67.08914203985779,71.114898681640625,73.3658981323242,77.81869369091739,83.13554878528359
2,0,5787,62717659,8,0.1877057580373281,0.3195663862676489,0.3705017956328809,0.5509789085735113,0.6713786722740053
2,0,5787,62717659,9,0.0099567645455788,0.0212689809838593,0.0701956002255665,0.1244918083891789,0.2434108102498766
2,0,5787,62717659,7,0.0240404065237383,0.046680618162124,0.1173655369836754,0.1955191392690821,0.4190425254990528
2,0,5788,62720024,1,0.4821679761908969,0.4861055357017034,0.4941344155548388,0.4989725533816296,0.5264575813475378
2,0,5788,62720024,3,0.1315132776254303,0.1763397093864986,0.2501456596259863,0.3229363316062195,0.3440968668409986
0,10,NA,NA,2,2.8000000000000003,14.4,30.3,48.2,68.60000000000001
0,10,NA,NA,4,1907.785400390625,5166.12060546875,10778.6572265625,17608.470703125,56013.92578125
0,10,NA,NA,5,3.3556524531526923,6.383104801177977,7.726120471954347,9.83902645111084,13.602612495422369
0,10,NA,NA,6,60.63427752860424,69.91480255126953,74.3041000366211,77.73400115966798,82.86479949951172
0,10,NA,NA,8,0.0017091106647312,0.1500363348382585,0.3744912123203088,0.626961678663892,0.7925027206456731
0,10,NA,NA,9,0,0.0193172660691282,0.0615921826421696,0.1815635296183683,0.4517031411686125
0,10,NA,NA,7,0,0.0278390238933943,0.1019563925392505,0.3791602906952734,0.9503731282484916
0,10,NA,NA,1,0.4670671850881375,0.4861936538417035,0.4970914566277191,0.5105275386086707,0.5314862894141192
0,10,NA,NA,3,0.1277559597873117,0.1784068822995274,0.2342786438534733,0.3193375602844795,0.4578834922493235
8,10,NA,NA,2,1.5,8.200000000000001,18.5,33.800000000000004,59.1
8,10,NA,NA,4,798.2188720703125,1774.8648681640625,2618.2890625,4743.7197265625,10778.6572265625
8,10,NA,NA,5,1.582788586616516,3.165526151657104,5.58091115951538,7.839858082791865,10.65715026855469
8,10,NA,NA,6,50.02637863159181,59.25370407104491,62.7672004699707,65.31050038977062,69.12248229980469
8,10,NA,NA,8,0.0046296818963008,0.1039784429894085,0.2892964783431698,0.5240565202117499,0.735537008187752
8,10,NA,NA,9,0.0024034862890178,0.0900194305971301,0.2290204253364713,0.3707875157838532,0.6334475123943397
8,10,NA,NA,7,0,0.0043655301459684,0.0205457131648091,0.1043548475960684,0.8256524345569778
8,10,NA,NA,1,0.4762939326489795,0.4953570429771489,0.5047791603939051,0.5149425984775812,0.5336837067112594
8,10,NA,NA,3,0.2968899784465743,0.380602424937761,0.4348315554483432,0.4677789434498428,0.4947849326491377
4,10,NA,NA,2,3.1,15.4,30.4,47.400000000000006,68.2
4,10,NA,NA,4,6209.7041015625,10492.5830078125,15341.2451171875,17220.220703125,21510.013671875
4,10,NA,NA,5,6.271856307983399,7.752822399139404,8.818053245544434,9.958853987975544,11.846295356750488
4,10,NA,NA,6,71.66960144042969,74.00710296630861,75.63389587402342,77.049896240234375,77.88589477539064
4,10,NA,NA,8,0,0.017568831074965,0.0767095405267,0.2198722596341931,0.5295551243484179
4,10,NA,NA,9,0,0.0308742496479053,0.1387286926179251,0.3397448702459481,0.6565040317778111
4,10,NA,NA,7,0,0.0263083885611097,0.1928904535783005,0.794758013593254,1
4,10,NA,NA,1,0.4843866031587636,0.5020688998009344,0.5117107952622123,0.5216409805492368,0.5337490074100482
4,10,NA,NA,3,0.1633083373444064,0.19709304435366,0.2344508013895219,0.2692646589056266,0.3326824471547375
1,10,NA,NA,2,2.6,13.4,27.3,43.6,65.4
1,10,NA,NA,4,3684.905029296875,4877.53857421875,5357.26708984375,8571.0556640625,12604.9228515625
1,10,NA,NA,5,4.437323093414306,5.567600056542373,6.383104801177977,7.67012596130371,10.636452674865724
1,10,NA,NA,6,65.83562263804578,68.60380554199219,71.37969779155291,73.75248718261719,76.00839996337892
1,10,NA,NA,8,0.095716596331529,0.459218974181164,0.6671379746330842,0.7522624657132853,0.8234497819343164
1,10,NA,NA,9,0,0.0125989161046773,0.028796024074097,0.0438081362045008,0.1916486319792507
1,10,NA,NA,7,0,0.0250824141649121,0.0640507080852387,0.1792206180097456,0.6813917806984132
1,10,NA,NA,1,0.45992514242367,0.4741741864359053,0.4847922248569498,0.4964138689678186,0.5170144154750235
1,10,NA,NA,3,0.1941455285913906,0.2282249746270291,0.2743273685973043,0.3250795168085139,0.3703740036906413
3,10,NA,NA,2,4.5,22.4,40.6,57.6,73.5
3,10,NA,NA,4,14233.1240234375,22185.291015625,36731.5390625,49958.24609375,75514.6015625
3,10,NA,NA,5,10.117152379588733,11.218423843383787,12.44528102874756,13.057332012553877,14.247966766357424
3,10,NA,NA,6,71.81419372558595,75.16820526123047,81.04967935042826,82.5439987182617,84.15399932861328
3,10,NA,NA,8,0.002533615470069,0.1098537126208536,0.2680521624001061,0.4011879562175266,0.5933088830226766
3,10,NA,NA,9,0,0.0303303885199347,0.0893161574205023,0.1567297426003076,0.2852460781188808
3,10,NA,NA,7,0.0027370692568051,0.0664809547931929,0.2214894770568345,0.5992745468205101,0.9541222377244502
3,10,NA,NA,1,0.501723644513652,0.5085519562876935,0.5143161986299373,0.5337864799824418,0.5488164868966153
3,10,NA,NA,3,0.1307146527957469,0.1428169858545464,0.1565147075434699,0.1769929106822866,0.1957228833899132
5,10,NA,NA,2,2.3000000000000003,11.5,25.9,42.2,64.5
5,10,NA,NA,4,2033.1131591796875,7873.64013671875,11203.8466796875,13699.955078125,51280.11328125
5,10,NA,NA,5,2.6219999790191646,6.828000068664549,8.344135284423828,9.687026023864746,11.843032836914062
5,10,NA,NA,6,65.13550567626955,70.55450439453126,73.6204833984375,77.30359649658203,78.36779785156249
5,10,NA,NA,8,0,0.0531827552196732,0.2788109783316711,0.5058698714373334,0.7763707437421355
5,10,NA,NA,9,0,0,0.0539002109345498,0.2370047085241728,0.6650258522976513
5,10,NA,NA,7,0,0.0211095480255195,0.1324191377624743,0.668899100373918,1
5,10,NA,NA,1,0.4033675050937238,0.4866545384611733,0.4945320416028149,0.4995787580348402,0.5159204587953904
5,10,NA,NA,3,0.2172202376153491,0.2381072085101163,0.3109259256914545,0.3689849176250885,0.4324395119990913
7,10,NA,NA,2,3,15.9,32.800000000000004,51.7,71.60000000000001
7,10,NA,NA,4,3126.4423828125,34538.76171875,43637.515625,48048.37890625,63105.77734375
7,10,NA,NA,5,3.703000068664551,12.384215354919435,12.629690170288086,12.74968719482422,13.504235267639157
7,10,NA,NA,6,63.14858137601628,81.641998291015625,83.05899810791013,83.46399688720703,83.51499938964844
7,10,NA,NA,8,0,0,0.0157278987318766,0.0743233635998382,0.3097293342918878
7,10,NA,NA,9,0,0,0.02188525948508,0.1341593549577418,0.4352721599515337
7,10,NA,NA,7,0,0.0395268313817773,0.6307242691208338,0.9542490678073164,1
7,10,NA,NA,1,0.4896747518953017,0.4918396447164935,0.5058554932169133,0.5110389731759699,0.5183711628726284
7,10,NA,NA,3,0.1606437815892889,0.1832337617375133,0.2016020766674587,0.2407719213389982,0.3490417002775454
6,10,NA,NA,2,3.8,19.4,36.9,56.3,72.8
6,10,NA,NA,4,45430.35546875,54282.15234375,63621.25390625,71617.0234375,81550.609375
6,10,NA,NA,5,13.13154125213623,13.272536277771003,13.663522720336912,13.83251667022705,14.147505760192873
6,10,NA,NA,6,76.128997802734375,78.43599700927733,79.63999938964842,80.74299621582031,82.86479949951169
6,10,NA,NA,8,0,0.0244137275081002,0.0948733155994283,0.2428386568779462,0.4957148749452478
6,10,NA,NA,9,0,0.0136507882608595,0.0418324192106066,0.1139488294927829,0.2934008641299747
6,10,NA,NA,7,0.0270249935740052,0.2410111060356426,0.6325685521435844,0.8869863736697979,0.9965225127328928
6,10,NA,NA,1,0.4948131275448621,0.5059369588335456,0.511453567695488,0.5173176852955284,0.5257517789971533
6,10,NA,NA,3,0.1465546923245379,0.1683729220625992,0.1829459293042484,0.1960938713472502,0.2263217543219105
2,10,NA,NA,2,3.8,19.1,35.9,52.7,70.10000000000001
2,10,NA,NA,4,6009.9453125,10558.55859375,12723.4248046875,17899.4921875,41430.67578125
2,10,NA,NA,5,6.4950907361644585,7.348094416621157,7.7411208152771,8.473278999328612,12.92709732055664
2,10,NA,NA,6,70.23739624023436,73.94490051269531,77.58013274553178,79.22457813647048,84.3237991333008
2,10,NA,NA,8,0.0181695755269665,0.2417883404384773,0.3927095024382449,0.6046692374939407,0.7706238268979073
2,10,NA,NA,9,0,0.0212689809838593,0.0978396834432258,0.1758087111756401,0.3199913955337952
2,10,NA,NA,7,0,0.0538603819127583,0.1270570582945386,0.3333453325196974,0.8321597705387305
2,10,NA,NA,1,0.4753761325440392,0.4866260682556752,0.4933582924220587,0.5038276196399344,0.5242444235574036
2,10,NA,NA,3,0.1075009001266138,0.1411605073547033,0.1849858203043829,0.2327462590113513,0.3053107665825958
