Area,Year,Cause,Age,Females,Males,Infants,Children,Elders,Income,Education,Health,Cropland,GrazingLand,UrbanLand,IndigenousLand
Central and Southern Asia,2018,All,28.8,49.5,50.5,1.8,26.3,7.0,8571.0,6.9,72.6,34.2,10.7,11.2,6.8
Central and Southern Asia,2018,Conflict,18.6,43.9,56.1,2.7,40.9,2.6,1920.0,2.5,63.6,30.7,37.6,4.7,2.8
Central and Southern Asia,2018,Disaster,29.8,50.0,50.0,1.7,25.0,7.4,8571.0,7.3,73.4,34.6,8.4,11.8,7.1
Central and Southern Asia,2018,Drought,19.1,46.5,53.5,2.7,40.8,2.5,1903.0,2.0,62.9,27.1,35.7,7.0,0.0
Central and Southern Asia,2018,Earthquake,19.2,44.4,55.6,1.7,39.6,2.7,1803.0,2.2,62.0,37.7,37.6,3.6,0.0
Central and Southern Asia,2018,Flood,32.4,50.9,49.1,1.5,22.0,8.5,11538.0,8.7,76.0,29.7,3.4,12.8,6.3
Central and Southern Asia,2018,Mass movement,26.0,49.0,51.0,1.8,28.2,4.9,5352.0,6.4,72.5,57.1,6.3,12.5,9.0
Central and Southern Asia,2018,Mix disasters,18.4,46.0,54.0,3.1,42.1,2.6,1903.0,2.0,62.7,41.7,18.9,2.0,0.0
Central and Southern Asia,2018,Storm,30.9,49.3,50.7,1.5,22.5,7.4,4919.0,6.6,72.3,58.6,3.9,11.8,16.6
Central and Southern Asia,2018,WeatherDisaster,29.9,50.0,50.0,1.7,24.9,7.4,8571.0,7.3,73.4,34.2,8.4,11.8,7.1
Central and Southern Asia,2018-2024,All,26.5,48.8,51.2,1.9,28.7,5.7,4919.0,6.0,70.9,53.4,6.5,16.7,18.2
Central and Southern Asia,2018-2024,Conflict,18.9,45.0,55.0,2.7,41.0,2.8,1903.0,3.2,64.0,30.1,37.5,4.4,3.4
Central and Southern Asia,2018-2024,Disaster,27.1,49.0,51.0,1.9,27.9,5.9,5055.0,6.2,71.3,54.9,4.5,17.5,19.1
Central and Southern Asia,2018-2024,Drought,19.8,46.5,53.5,2.6,39.6,2.9,1903.0,2.4,63.8,29.1,32.6,8.7,0.6
Central and Southern Asia,2018-2024,Earthquake,21.6,47.9,52.1,2.4,35.9,3.7,1920.0,3.7,66.7,25.8,31.4,10.1,19.2
Central and Southern Asia,2018-2024,Erosion,26.8,49.5,50.5,1.9,28.5,5.3,4401.0,6.2,72.3,67.6,4.2,8.0,4.4
Central and Southern Asia,2018-2024,Extreme temperature,21.5,46.8,53.2,2.8,36.6,3.9,2035.0,4.2,66.4,32.4,29.2,8.5,28.5
Central and Southern Asia,2018-2024,Flood,26.7,49.0,51.0,2.0,28.7,6.0,4878.0,6.2,70.9,52.6,2.7,22.3,27.2
Central and Southern Asia,2018-2024,Mass movement,25.2,49.1,50.9,2.1,30.2,5.1,5352.0,6.5,71.4,50.4,10.3,9.3,12.8
Central and Southern Asia,2018-2024,Mix disasters,18.2,45.8,54.2,3.2,42.4,2.6,1903.0,2.0,62.8,39.2,19.4,5.3,1.0
Central and Southern Asia,2018-2024,Storm,28.2,49.2,50.8,1.7,25.8,6.1,5303.0,6.6,72.6,61.3,3.4,12.1,9.1
Central and Southern Asia,2018-2024,WeatherDisaster,27.2,49.0,51.0,1.9,27.7,6.0,5303.0,6.3,71.5,55.9,3.6,17.7,19.1
Central and Southern Asia,2018-2024,Wildfire,24.3,49.3,50.7,2.3,34.1,4.5,2248.0,5.8,73.1,50.0,10.9,16.2,44.4
Central and Southern Asia,2019,All,27.9,48.7,51.3,1.7,26.2,6.2,5352.0,6.7,72.4,53.3,6.3,13.7,9.8
Central and Southern Asia,2019,Conflict,18.3,44.9,55.1,2.9,42.5,2.3,1903.0,2.3,63.1,22.1,47.4,2.4,4.1
Central and Southern Asia,2019,Disaster,28.6,49.0,51.0,1.7,25.0,6.4,5352.0,7.0,73.0,55.6,3.2,14.6,10.2
Central and Southern Asia,2019,Drought,29.8,48.0,52.0,1.6,22.9,7.9,8835.0,7.9,74.4,52.2,2.4,28.2,6.0
Central and Southern Asia,2019,Earthquake,29.4,49.1,50.9,1.8,27.5,6.2,12506.0,7.5,71.5,48.1,10.3,32.5,3.6
Central and Southern Asia,2019,Extreme temperature,18.3,44.4,55.6,3.0,40.5,4.3,1573.0,1.7,64.0,2.1,73.2,0.3,0.0
Central and Southern Asia,2019,Flood,30.0,49.2,50.8,1.6,23.6,7.6,8835.0,7.8,74.2,46.8,3.0,18.8,8.1
Central and Southern Asia,2019,Mass movement,21.7,49.6,50.4,2.6,37.3,3.9,3646.0,10.1,69.6,47.9,11.3,4.5,8.7
Central and Southern Asia,2019,Storm,27.9,48.9,51.1,1.7,25.8,5.8,5352.0,6.5,72.4,60.9,3.3,12.0,11.5
Central and Southern Asia,2019,WeatherDisaster,28.6,49.0,51.0,1.7,25.0,6.4,5352.0,7.0,73.1,55.6,3.2,14.6,10.2
Central and Southern Asia,2020,All,26.7,48.8,51.2,1.8,28.2,5.5,5352.0,6.3,71.6,59.5,6.4,12.1,5.9
Central and Southern Asia,2020,Conflict,18.6,44.8,55.2,2.7,41.2,2.8,1803.0,2.5,62.9,37.8,32.1,5.0,1.9
Central and Southern Asia,2020,Disaster,27.5,49.2,50.8,1.7,26.9,5.7,5352.0,6.7,72.4,61.6,3.9,12.8,6.3
Central and Southern Asia,2020,Earthquake,30.6,49.7,50.3,1.6,26.4,6.0,12484.0,7.9,74.3,36.3,19.5,29.7,9.6
Central and Southern Asia,2020,Extreme temperature,26.6,48.6,51.4,2.1,30.7,5.5,4112.0,5.8,70.3,33.1,16.2,13.2,45.6
Central and Southern Asia,2020,Flood,26.3,48.9,51.1,1.9,28.7,5.2,5352.0,6.5,71.1,61.5,4.3,15.4,6.9
Central and Southern Asia,2020,Mass movement,23.3,50.1,49.9,2.3,32.6,5.4,4401.0,5.0,69.3,38.3,20.0,3.7,32.1
Central and Southern Asia,2020,Mix disasters,17.5,45.1,54.9,4.0,44.2,2.8,2035.0,1.8,63.4,26.0,22.1,23.0,6.0
Central and Southern Asia,2020,Storm,28.0,49.3,50.7,1.7,26.1,5.9,5352.0,6.8,72.9,61.9,3.5,11.7,5.7
Central and Southern Asia,2020,WeatherDisaster,27.5,49.2,50.8,1.7,26.9,5.7,5352.0,6.7,72.4,61.7,3.8,12.8,6.2
Central and Southern Asia,2021,All,28.1,48.3,51.7,1.8,26.2,6.4,5303.0,6.2,71.8,56.7,6.8,15.4,7.8
Central and Southern Asia,2021,Conflict,18.8,44.8,55.2,2.7,41.1,2.8,1903.0,3.3,64.1,34.2,32.4,6.2,4.2
Central and Southern Asia,2021,Disaster,29.3,48.7,51.3,1.7,24.5,6.8,5303.0,6.5,72.7,59.2,3.8,16.5,8.2
Central and Southern Asia,2021,Drought,17.7,44.2,55.8,2.4,44.1,1.8,2035.0,1.9,63.5,31.9,27.4,1.1,0.0
Central and Southern Asia,2021,Earthquake,29.5,49.8,50.2,1.7,27.3,4.6,10538.0,9.9,76.2,8.3,7.9,23.5,8.8
Central and Southern Asia,2021,Extreme temperature,18.2,45.1,54.9,3.5,41.7,2.5,1550.0,2.9,62.9,35.6,37.7,4.9,15.0
Central and Southern Asia,2021,Flood,29.1,48.7,51.3,1.7,25.0,6.9,5303.0,6.8,73.1,58.7,3.9,17.0,5.9
Central and Southern Asia,2021,Mass movement,25.4,48.3,51.7,2.1,29.8,6.1,8977.0,6.5,70.0,44.3,6.6,9.6,4.4
Central and Southern Asia,2021,Storm,29.6,48.6,51.4,1.6,23.6,6.7,5303.0,6.2,72.5,60.7,3.3,16.1,10.5
Central and Southern Asia,2021,WeatherDisaster,29.3,48.7,51.3,1.7,24.4,6.8,5303.0,6.5,72.7,59.5,3.8,16.5,8.2
Central and Southern Asia,2021,Wildfire,25.7,52.3,47.7,1.8,28.5,7.0,4811.0,6.5,69.8,30.6,21.1,5.1,46.8
Central and Southern Asia,2022,All,24.2,48.6,51.4,2.3,32.8,4.9,3985.0,5.0,68.3,56.5,3.1,25.8,43.4
Central and Southern Asia,2022,Conflict,23.7,48.3,51.7,2.1,35.6,4.2,4577.0,9.6,70.6,16.1,39.3,3.7,0.3
Central and Southern Asia,2022,Disaster,24.2,48.6,51.4,2.3,32.7,4.9,3985.0,4.9,68.3,57.2,2.4,26.1,44.2
Central and Southern Asia,2022,Drought,17.0,44.0,56.0,2.2,45.3,1.6,2035.0,1.8,63.4,29.4,27.8,1.4,0.4
Central and Southern Asia,2022,Earthquake,18.9,40.6,59.4,3.3,41.5,1.5,1920.0,2.3,66.0,24.1,43.2,2.5,17.7
Central and Southern Asia,2022,Erosion,24.8,48.2,51.8,2.1,30.1,4.5,5352.0,5.8,70.6,57.1,5.0,15.7,1.6
Central and Southern Asia,2022,Flood,24.1,48.6,51.4,2.3,32.9,4.9,3985.0,4.7,67.9,56.9,1.4,29.0,49.4
Central and Southern Asia,2022,Mass movement,26.5,49.8,50.2,1.8,29.0,5.1,4577.0,7.4,72.6,57.3,11.1,8.2,5.6
Central and Southern Asia,2022,Storm,27.4,50.6,49.4,1.7,29.1,6.3,4009.0,6.7,72.5,67.2,3.7,4.3,0.6
Central and Southern Asia,2022,WeatherDisaster,24.3,48.8,51.2,2.3,32.6,5.0,3985.0,4.9,68.3,57.8,1.7,26.6,44.7
Central and Southern Asia,2022,Wildfire,24.1,49.0,51.0,2.3,34.5,4.3,2248.0,5.8,73.4,51.9,9.9,16.7,44.5
Central and Southern Asia,2023,All,23.4,49.7,50.3,2.1,32.9,4.7,4811.0,5.1,68.9,42.1,17.0,11.5,18.5
Central and Southern Asia,2023,Conflict,26.6,49.1,50.9,2.0,28.2,5.3,5586.0,7.3,73.8,43.4,2.1,5.9,71.5
Central and Southern Asia,2023,Disaster,23.3,49.7,50.3,2.1,32.9,4.7,4811.0,5.0,68.8,42.1,17.1,11.5,18.1
Central and Southern Asia,2023,Drought,17.4,44.8,55.2,3.6,44.5,2.6,2035.0,1.8,63.4,27.3,23.1,19.1,5.0
Central and Southern Asia,2023,Earthquake,21.8,49.4,50.6,2.3,35.3,4.0,1903.0,3.7,66.4,25.9,30.3,10.5,20.3
Central and Southern Asia,2023,Erosion,27.8,50.1,49.9,1.8,27.8,5.7,4182.0,6.4,73.1,72.6,3.8,4.4,5.7
Central and Southern Asia,2023,Flood,24.7,49.9,50.1,2.0,30.9,5.3,5967.0,6.4,70.8,60.2,4.1,11.4,14.0
Central and Southern Asia,2023,Mass movement,28.2,49.7,50.3,1.7,26.5,7.9,8977.0,8.5,72.8,35.9,2.3,6.4,6.0
Central and Southern Asia,2023,Storm,25.6,50.3,49.7,1.9,29.7,5.5,5967.0,6.6,71.9,56.9,3.3,13.6,18.5
Central and Southern Asia,2023,WeatherDisaster,25.0,50.0,50.0,2.0,30.5,5.4,5967.0,6.4,71.2,58.3,4.0,12.5,16.0
Central and Southern Asia,2023,Wildfire,25.9,50.6,49.4,1.9,32.5,5.7,24574.0,9.6,72.6,17.6,28.9,33.9,18.5
Central and Southern Asia,2024,All,27.1,49.7,50.3,2.0,31.9,5.4,14401.0,9.9,73.1,18.4,24.9,29.0,10.5
Central and Southern Asia,2024,Conflict,24.0,50.9,49.1,2.0,31.6,5.1,5967.0,6.7,72.2,59.0,4.5,7.8,15.8
Central and Southern Asia,2024,Disaster,27.1,49.7,50.3,2.0,31.9,5.4,14401.0,9.9,73.1,18.1,25.1,29.1,10.4
Central and Southern Asia,2024,Extreme temperature,18.3,44.9,55.1,2.7,43.2,2.0,1903.0,2.0,63.0,9.2,60.0,0.2,1.7
Central and Southern Asia,2024,Flood,26.8,50.7,49.3,1.9,33.5,5.4,22739.0,11.2,73.4,10.1,34.9,36.8,4.0
Central and Southern Asia,2024,Mass movement,19.0,43.8,56.2,4.7,43.8,4.4,1550.0,4.5,65.7,22.6,31.9,2.0,8.9
Central and Southern Asia,2024,Storm,29.0,48.8,51.2,1.8,26.7,5.8,10725.0,8.7,74.0,34.1,2.0,19.0,23.7
Central and Southern Asia,2024,WeatherDisaster,27.3,49.9,50.1,1.9,31.6,5.4,14401.0,10.1,73.2,18.0,24.9,29.7,10.5
Central and Southern Asia,2024,Wildfire,24.7,51.0,49.0,2.0,29.0,6.4,3881.0,5.0,69.8,41.1,16.0,5.0,55.1
Eastern and South-eastern Asia,2018,All,32.5,50.0,50.0,1.6,23.6,12.6,12359.0,9.1,76.5,43.0,10.7,15.6,13.0
Eastern and South-eastern Asia,2018,Conflict,24.4,49.4,50.6,1.9,31.7,4.5,6358.0,6.4,67.0,41.8,3.1,3.8,38.6
Eastern and South-eastern Asia,2018,Disaster,32.5,50.0,50.0,1.6,23.5,12.6,12359.0,9.1,76.5,43.0,10.8,15.7,12.8
Eastern and South-eastern Asia,2018,Earthquake,27.4,51.2,48.8,1.8,28.5,5.6,9295.0,8.0,70.6,58.0,13.9,17.2,16.3
Eastern and South-eastern Asia,2018,Extreme temperature,35.9,48.5,51.5,1.3,22.9,12.3,10615.0,7.1,75.5,31.3,19.5,12.0,25.0
Eastern and South-eastern Asia,2018,Flood,31.5,50.1,49.9,1.4,24.9,9.1,7219.0,7.2,72.8,47.6,13.4,11.7,14.4
Eastern and South-eastern Asia,2018,Mass movement,29.2,49.2,50.8,1.7,26.8,7.0,11170.0,5.5,71.0,7.7,58.6,12.4,77.8
Eastern and South-eastern Asia,2018,Storm,33.3,49.8,50.2,1.5,22.8,13.9,12359.0,9.4,77.6,40.7,9.9,15.7,11.7
Eastern and South-eastern Asia,2018,Volcanic activity,29.2,49.1,50.9,1.6,26.1,6.2,10941.0,8.0,70.8,84.0,1.9,10.8,7.3
Eastern and South-eastern Asia,2018,Wave action,23.6,49.2,50.8,2.3,32.6,3.7,6927.0,7.9,68.7,58.5,6.0,10.7,14.2
Eastern and South-eastern Asia,2018,WeatherDisaster,33.3,49.8,50.2,1.5,22.8,13.7,12359.0,9.3,77.4,41.0,10.0,15.5,11.8
Eastern and South-eastern Asia,2018,Wildfire,25.5,50.2,49.8,1.9,29.6,4.5,9682.0,9.2,70.3,67.1,4.4,9.8,32.7
Eastern and South-eastern Asia,2018-2024,All,31.4,49.6,50.4,1.6,24.8,9.7,12060.0,8.2,74.7,41.4,8.9,15.2,11.1
Eastern and South-eastern Asia,2018-2024,Conflict,26.7,51.4,48.6,1.9,28.8,5.8,4143.0,5.8,66.6,43.3,2.1,4.4,39.4
Eastern and South-eastern Asia,2018-2024,Disaster,31.8,49.4,50.6,1.6,24.5,10.0,12359.0,8.4,75.4,41.2,9.5,16.1,8.8
Eastern and South-eastern Asia,2018-2024,Drought,24.9,49.7,50.3,2.2,30.7,4.6,8225.0,8.6,71.3,46.1,3.5,14.5,13.0
Eastern and South-eastern Asia,2018-2024,Earthquake,28.2,50.2,49.8,1.8,28.0,6.8,9295.0,8.2,71.4,49.4,12.3,13.8,17.7
Eastern and South-eastern Asia,2018-2024,Erosion,26.3,50.3,49.7,2.0,29.6,7.1,7872.0,8.2,69.7,45.5,6.2,18.2,11.1
Eastern and South-eastern Asia,2018-2024,Extreme temperature,36.9,48.6,51.4,1.3,21.2,12.6,13154.0,7.6,76.4,31.9,19.7,13.4,19.2
Eastern and South-eastern Asia,2018-2024,Flood,33.3,49.2,50.8,1.4,23.0,9.7,12060.0,7.8,75.3,45.3,12.8,16.2,9.7
Eastern and South-eastern Asia,2018-2024,Mass movement,34.3,49.2,50.8,1.3,21.8,10.9,11170.0,6.8,74.4,29.4,33.1,15.1,33.7
Eastern and South-eastern Asia,2018-2024,Storm,31.3,49.5,50.5,1.7,24.8,10.5,12359.0,8.8,75.8,38.6,7.5,15.8,7.5
Eastern and South-eastern Asia,2018-2024,Volcanic activity,26.1,50.4,49.6,2.2,28.5,4.7,12826.0,9.4,72.6,38.4,4.9,37.0,1.7
Eastern and South-eastern Asia,2018-2024,Wave action,24.8,49.3,50.7,2.1,30.9,4.4,7219.0,8.4,71.3,40.4,2.2,9.9,27.0
Eastern and South-eastern Asia,2018-2024,WeatherDisaster,32.0,49.4,50.6,1.6,24.2,10.2,12359.0,8.4,75.6,40.8,9.2,15.9,8.3
Eastern and South-eastern Asia,2018-2024,Wildfire,40.5,49.6,50.4,0.9,16.2,14.5,12644.0,8.5,78.3,36.0,13.7,18.4,9.2
Eastern and South-eastern Asia,2019,All,31.7,49.4,50.6,1.6,24.2,9.6,12826.0,8.4,75.0,41.6,8.5,15.8,7.9
Eastern and South-eastern Asia,2019,Conflict,23.6,50.0,50.0,1.7,32.3,3.8,4137.0,6.3,67.4,42.5,5.0,5.7,19.8
Eastern and South-eastern Asia,2019,Disaster,32.0,49.4,50.6,1.6,24.0,9.8,12826.0,8.4,75.2,41.6,8.6,16.0,7.6
Eastern and South-eastern Asia,2019,Drought,24.8,49.8,50.2,2.2,30.8,4.6,8225.0,8.6,71.3,46.0,3.5,14.4,12.9
Eastern and South-eastern Asia,2019,Earthquake,25.7,49.3,50.7,2.0,31.0,5.7,8243.0,8.5,70.0,44.7,5.4,7.1,17.4
Eastern and South-eastern Asia,2019,Extreme temperature,24.9,49.2,50.8,2.6,31.9,6.4,8722.0,8.4,72.5,68.5,7.6,6.2,6.3
Eastern and South-eastern Asia,2019,Flood,30.4,49.0,51.0,1.7,25.9,7.9,10222.0,8.0,74.1,37.7,9.9,13.4,11.7
Eastern and South-eastern Asia,2019,Mass movement,31.8,49.1,50.9,1.4,23.0,7.9,10779.0,7.5,74.5,48.6,10.0,19.4,11.4
Eastern and South-eastern Asia,2019,Storm,34.0,49.7,50.3,1.5,21.6,11.7,27538.0,8.7,76.7,43.4,8.3,19.2,3.3
Eastern and South-eastern Asia,2019,Volcanic activity,32.1,49.5,50.5,1.5,24.6,6.7,11284.0,9.4,69.4,37.5,14.1,16.5,13.7
Eastern and South-eastern Asia,2019,Wave action,24.7,49.5,50.5,2.1,30.8,4.4,7219.0,8.4,72.0,40.7,2.1,9.4,28.9
Eastern and South-eastern Asia,2019,WeatherDisaster,32.6,49.4,50.6,1.5,23.2,10.3,12826.0,8.4,75.7,41.2,8.9,17.0,6.6
Eastern and South-eastern Asia,2019,Wildfire,42.5,49.4,50.6,0.8,13.8,13.6,13002.0,8.6,79.1,37.4,12.0,24.4,10.5
Eastern and South-eastern Asia,2020,All,31.0,49.3,50.7,1.7,25.7,9.0,12644.0,8.5,75.0,39.3,9.4,14.3,11.3
Eastern and South-eastern Asia,2020,Conflict,24.8,51.0,49.0,1.8,31.0,5.1,4137.0,5.9,67.9,44.4,4.1,5.6,17.1
Eastern and South-eastern Asia,2020,Disaster,31.1,49.3,50.7,1.7,25.5,9.1,12644.0,8.5,75.2,39.1,9.6,14.5,11.1
Eastern and South-eastern Asia,2020,Earthquake,34.9,48.7,51.3,1.4,21.8,10.9,12377.0,7.5,75.3,36.9,27.3,14.5,31.7
Eastern and South-eastern Asia,2020,Flood,35.6,49.0,51.0,1.3,21.1,11.4,12644.0,7.7,76.1,42.6,16.2,17.4,10.1
Eastern and South-eastern Asia,2020,Mass movement,38.1,49.0,51.0,1.1,18.9,12.8,7586.0,7.0,75.8,36.4,29.8,14.2,14.8
Eastern and South-eastern Asia,2020,Storm,27.8,49.4,50.6,2.0,28.9,7.7,12359.0,9.1,74.6,37.0,4.4,9.6,12.9
Eastern and South-eastern Asia,2020,Volcanic activity,25.8,50.6,49.4,2.2,28.8,4.4,12826.0,9.6,72.9,32.2,5.1,41.2,0.9
Eastern and South-eastern Asia,2020,WeatherDisaster,31.4,49.2,50.8,1.7,25.4,9.4,12429.0,8.5,75.3,39.5,9.7,13.0,11.6
Eastern and South-eastern Asia,2020,Wildfire,40.2,49.3,50.7,0.9,17.5,15.2,12644.0,7.4,77.7,37.8,20.9,14.0,8.1
Eastern and South-eastern Asia,2021,All,31.2,49.7,50.3,1.7,25.8,9.0,10416.0,7.9,74.0,42.8,8.0,13.7,8.9
Eastern and South-eastern Asia,2021,Conflict,26.8,51.5,48.5,1.9,28.8,5.8,4143.0,5.9,66.3,43.5,1.9,3.9,42.5
Eastern and South-eastern Asia,2021,Disaster,31.5,49.5,50.5,1.6,25.6,9.3,10416.0,8.1,74.6,42.7,8.5,14.5,6.3
Eastern and South-eastern Asia,2021,Earthquake,32.7,49.3,50.7,1.5,24.5,9.1,11095.0,7.4,72.8,30.2,22.7,13.5,29.9
Eastern and South-eastern Asia,2021,Extreme temperature,50.4,53.8,46.2,0.6,10.8,35.6,38397.0,12.4,83.9,25.7,1.1,16.8,0.0
Eastern and South-eastern Asia,2021,Flood,34.6,49.3,50.7,1.3,21.6,10.3,12644.0,7.8,76.0,50.5,13.7,19.1,6.5
Eastern and South-eastern Asia,2021,Mass movement,32.6,50.5,49.5,1.4,22.8,11.6,12429.0,9.3,74.2,47.2,4.2,27.1,13.1
Eastern and South-eastern Asia,2021,Storm,29.4,49.6,50.4,1.9,28.1,8.7,7588.0,8.3,73.8,38.4,4.7,11.5,5.1
Eastern and South-eastern Asia,2021,Volcanic activity,28.0,50.7,49.3,1.9,26.4,5.7,12826.0,9.0,72.2,45.8,4.8,35.2,3.9
Eastern and South-eastern Asia,2021,Wave action,28.7,49.3,50.7,1.7,25.7,4.8,12429.0,8.5,70.9,61.5,3.7,27.5,20.0
Eastern and South-eastern Asia,2021,WeatherDisaster,31.5,49.5,50.5,1.6,25.6,9.3,10416.0,8.1,74.6,43.0,8.1,14.4,5.6
Eastern and South-eastern Asia,2021,Wildfire,44.3,51.2,48.8,0.9,13.7,21.1,39918.0,10.3,81.7,25.0,1.0,11.0,2.3
Eastern and South-eastern Asia,2022,All,30.1,49.5,50.5,1.7,26.0,8.3,8659.0,7.9,73.7,39.3,7.9,16.4,10.3
Eastern and South-eastern Asia,2022,Conflict,27.0,51.5,48.5,1.8,28.0,5.8,4143.0,5.8,66.9,43.7,2.1,4.4,38.0
Eastern and South-eastern Asia,2022,Disaster,30.4,49.3,50.7,1.7,25.8,8.5,9835.0,8.1,74.3,39.0,8.4,17.4,7.9
Eastern and South-eastern Asia,2022,Earthquake,30.1,49.5,50.5,1.7,26.0,8.6,10867.0,8.5,74.0,50.2,12.1,14.8,9.8
Eastern and South-eastern Asia,2022,Extreme temperature,38.9,48.5,51.5,1.2,18.5,13.3,13154.0,7.8,77.4,34.0,20.1,14.6,12.9
Eastern and South-eastern Asia,2022,Flood,31.5,49.0,51.0,1.5,25.3,9.0,10559.0,7.6,74.8,36.4,13.9,14.4,14.8
Eastern and South-eastern Asia,2022,Mass movement,29.6,50.4,49.6,1.7,25.6,6.6,7178.0,7.7,69.9,52.9,5.3,15.6,18.7
Eastern and South-eastern Asia,2022,Storm,29.8,49.4,50.6,1.7,26.0,8.2,8659.0,8.2,74.1,39.1,5.9,18.9,4.8
Eastern and South-eastern Asia,2022,Volcanic activity,26.8,50.1,49.9,2.1,28.3,6.3,12826.0,9.3,72.5,57.9,6.4,15.2,1.7
Eastern and South-eastern Asia,2022,Wave action,24.3,49.3,50.7,2.2,33.2,8.1,7397.0,8.5,70.4,9.0,0.4,2.7,1.0
Eastern and South-eastern Asia,2022,WeatherDisaster,30.4,49.3,50.7,1.6,25.8,8.5,8868.0,8.0,74.3,38.3,8.3,17.5,7.8
Eastern and South-eastern Asia,2022,Wildfire,45.0,50.6,49.4,0.8,13.3,20.0,36127.0,11.2,82.0,19.8,4.0,9.8,1.7
Eastern and South-eastern Asia,2023,All,32.2,49.4,50.6,1.5,22.4,8.9,10559.0,7.4,74.3,40.7,9.2,16.7,15.4
Eastern and South-eastern Asia,2023,Conflict,27.3,51.7,48.3,1.9,28.5,6.2,4624.0,5.6,66.3,43.1,1.5,4.3,45.6
Eastern and South-eastern Asia,2023,Disaster,33.5,48.6,51.4,1.3,20.3,9.9,10559.0,8.0,77.1,39.9,11.8,20.9,5.0
Eastern and South-eastern Asia,2023,Drought,28.2,49.6,50.4,1.7,26.5,5.0,12429.0,8.5,70.4,57.6,4.6,25.7,18.6
Eastern and South-eastern Asia,2023,Earthquake,26.6,48.4,51.6,1.8,29.7,5.2,7219.0,8.1,70.9,39.9,9.2,8.7,40.6
Eastern and South-eastern Asia,2023,Erosion,26.3,50.7,49.3,2.0,29.7,6.5,7397.0,7.8,70.5,37.0,4.5,16.0,23.5
Eastern and South-eastern Asia,2023,Extreme temperature,36.3,50.6,49.4,1.2,19.8,10.6,42584.0,11.9,80.7,11.3,23.9,22.9,0.9
Eastern and South-eastern Asia,2023,Flood,32.7,49.3,50.7,1.5,22.9,9.0,10559.0,7.9,75.4,53.2,8.8,14.1,6.8
Eastern and South-eastern Asia,2023,Mass movement,38.9,49.2,50.8,1.0,18.3,14.0,12644.0,7.4,77.0,39.1,20.0,16.0,9.8
Eastern and South-eastern Asia,2023,Storm,34.4,47.8,52.2,1.1,16.7,11.1,21341.0,8.1,79.3,23.3,15.4,30.1,1.5
Eastern and South-eastern Asia,2023,Volcanic activity,24.1,49.7,50.3,2.2,33.2,6.1,7397.0,8.3,70.1,40.2,9.9,9.2,2.6
Eastern and South-eastern Asia,2023,Wave action,26.5,48.9,51.1,1.9,30.6,4.2,8697.0,8.8,68.6,34.1,31.5,6.0,38.8
Eastern and South-eastern Asia,2023,WeatherDisaster,33.6,48.6,51.4,1.3,20.2,9.9,10559.0,8.0,77.2,39.9,11.7,21.2,4.5
Eastern and South-eastern Asia,2023,Wildfire,33.4,49.6,50.4,1.3,21.4,9.9,12429.0,9.0,74.4,42.2,7.0,23.5,15.8
Eastern and South-eastern Asia,2024,All,28.6,51.1,48.9,1.7,26.7,7.9,4948.0,7.4,69.6,46.7,3.0,11.4,26.1
Eastern and South-eastern Asia,2024,Conflict,27.2,51.5,48.5,1.8,27.9,6.1,4037.0,6.1,66.8,42.9,1.8,5.2,29.9
Eastern and South-eastern Asia,2024,Disaster,31.2,50.4,49.6,1.6,24.8,10.9,10821.0,9.5,74.3,52.9,4.9,21.6,20.1
Eastern and South-eastern Asia,2024,Earthquake,42.3,51.5,48.5,1.0,15.6,25.0,42235.0,11.4,82.2,29.8,7.7,20.4,10.7
Eastern and South-eastern Asia,2024,Erosion,26.2,50.1,49.9,2.0,29.5,7.4,7872.0,8.5,69.2,51.1,7.3,19.7,2.9
Eastern and South-eastern Asia,2024,Flood,27.8,50.1,49.9,1.8,28.2,6.0,10821.0,8.9,71.6,61.7,3.4,22.4,23.5
Eastern and South-eastern Asia,2024,Mass movement,28.3,48.9,51.1,1.7,27.2,5.8,11466.0,8.1,71.8,50.6,5.7,16.9,27.8
Eastern and South-eastern Asia,2024,Storm,30.8,49.4,50.6,1.6,24.9,7.0,12068.0,8.1,72.3,51.5,10.1,20.7,18.6
Eastern and South-eastern Asia,2024,Wave action,23.6,48.1,51.9,2.1,33.3,2.8,7178.0,8.4,67.5,27.9,1.5,3.7,30.1
Eastern and South-eastern Asia,2024,WeatherDisaster,28.1,50.1,49.9,1.8,27.9,6.2,10821.0,8.8,71.7,60.9,4.0,22.1,23.1
Eastern and South-eastern Asia,2024,Wildfire,40.2,49.2,50.8,0.9,17.6,14.9,12644.0,7.2,77.5,38.2,22.7,14.4,8.1
Europe,2018,All,42.3,52.0,48.0,0.9,15.1,21.4,40662.0,11.4,81.1,20.3,9.1,41.3,0.4
Europe,2018,Disaster,42.3,52.0,48.0,0.9,15.1,21.4,40662.0,11.4,81.1,20.3,9.1,41.3,0.4
Europe,2018,Earthquake,44.1,51.7,48.3,0.8,13.8,22.5,25552.0,10.2,82.0,25.8,13.8,30.0,0.0
Europe,2018,Flood,40.1,51.6,48.4,1.1,17.2,19.5,44480.0,11.6,80.5,35.3,12.3,18.3,0.2
Europe,2018,Mass movement,40.8,51.2,48.8,1.1,16.8,20.3,41807.0,12.1,82.7,24.6,16.1,11.9,0.0
Europe,2018,Storm,42.6,50.7,49.3,0.9,14.8,21.9,24260.0,10.9,81.5,24.8,18.5,8.3,0.0
Europe,2018,WeatherDisaster,42.3,52.0,48.0,0.9,15.1,21.3,40662.0,11.4,81.1,20.1,9.0,41.7,0.4
Europe,2018,Wildfire,43.2,52.3,47.7,0.8,14.1,22.1,40662.0,11.4,81.3,12.1,6.1,57.4,0.5
Europe,2018-2024,All,41.3,52.0,48.0,1.0,15.8,19.7,35062.0,11.6,80.1,31.1,13.2,22.8,0.3
Europe,2018-2024,Conflict,40.5,54.9,45.1,0.9,16.0,18.5,35062.0,12.3,75.2,44.5,10.6,21.0,0.0
Europe,2018-2024,Disaster,41.5,51.3,48.7,1.0,15.7,19.9,38335.0,11.4,81.1,28.3,13.7,23.2,0.3
Europe,2018-2024,Earthquake,42.1,52.0,48.0,0.9,14.5,21.1,20850.0,11.3,79.4,20.5,10.6,4.9,0.0
Europe,2018-2024,Erosion,39.3,54.5,45.5,1.1,17.9,16.9,16739.0,12.7,74.4,47.9,10.6,12.4,0.0
Europe,2018-2024,Flood,40.0,51.6,48.4,1.1,16.6,18.4,41186.0,12.0,79.1,30.7,14.8,24.5,0.8
Europe,2018-2024,Mass movement,40.9,50.0,50.0,1.0,16.0,19.0,56814.0,12.4,83.0,14.9,14.4,26.1,1.0
Europe,2018-2024,Mix disasters,38.1,50.7,49.3,1.2,17.7,18.6,41186.0,13.2,81.6,24.0,26.6,39.0,0.0
Europe,2018-2024,Storm,42.3,51.3,48.7,0.9,15.0,20.8,53774.0,11.9,82.4,34.4,11.9,24.7,0.4
Europe,2018-2024,Volcanic activity,39.9,50.0,50.0,1.1,17.5,17.4,32416.0,11.3,82.8,9.0,9.8,27.4,0.0
Europe,2018-2024,WeatherDisaster,41.4,51.3,48.7,1.0,15.8,19.9,40662.0,11.4,81.2,29.6,14.0,24.7,0.4
Europe,2018-2024,Wildfire,42.2,51.1,48.9,1.0,15.4,20.7,35611.0,10.8,82.4,27.2,14.2,24.9,0.1
Europe,2019,All,41.3,51.0,49.0,1.0,16.1,18.9,32416.0,10.8,81.2,26.4,16.4,23.7,1.2
Europe,2019,Conflict,41.6,54.9,45.1,0.9,14.0,18.8,14268.0,11.4,74.5,38.6,9.0,28.4,0.0
Europe,2019,Disaster,41.3,51.0,49.0,1.0,16.1,18.9,32416.0,10.8,81.2,26.4,16.5,23.7,1.2
Europe,2019,Earthquake,40.4,51.3,48.7,1.1,16.9,20.6,48096.0,11.5,83.2,29.9,10.9,24.3,0.0
Europe,2019,Flood,38.8,52.2,47.8,1.1,18.2,16.7,33054.0,11.7,77.8,22.5,15.8,23.6,3.5
Europe,2019,Mass movement,40.4,51.0,49.0,1.1,15.5,19.2,47187.0,12.2,82.4,18.2,12.9,23.9,0.0
Europe,2019,Mix disasters,38.1,50.7,49.3,1.2,17.7,18.6,41186.0,13.3,82.0,25.4,19.7,46.5,0.0
Europe,2019,Storm,41.1,50.9,49.1,0.9,14.8,18.4,29408.0,10.5,81.4,20.5,15.0,24.4,0.0
Europe,2019,Volcanic activity,44.7,51.7,48.3,0.8,13.1,23.1,25552.0,10.1,82.3,26.5,14.3,31.1,0.0
Europe,2019,WeatherDisaster,41.4,51.0,49.0,1.0,16.1,18.8,32416.0,10.7,81.1,26.3,16.7,23.2,1.3
Europe,2019,Wildfire,42.8,50.3,49.7,0.9,14.8,20.2,32416.0,10.1,83.1,28.8,17.2,22.9,0.0
Europe,2020,All,41.6,51.6,48.4,0.9,15.2,20.6,20850.0,11.4,80.3,24.0,12.1,14.4,0.0
Europe,2020,Conflict,41.7,55.0,45.0,0.9,14.0,19.1,14268.0,11.4,74.5,38.7,8.4,30.9,0.0
Europe,2020,Disaster,41.6,51.6,48.4,0.9,15.2,20.6,20850.0,11.4,80.3,24.0,12.1,14.4,0.0
Europe,2020,Earthquake,42.1,52.2,47.8,0.9,14.4,20.9,20850.0,11.5,78.8,18.0,9.6,2.6,0.0
Europe,2020,Flood,41.2,51.3,48.7,1.0,15.9,20.7,35611.0,11.3,81.6,34.6,13.9,16.2,0.0
Europe,2020,Mass movement,38.6,49.3,50.7,1.2,17.9,17.6,79967.0,13.5,83.2,10.5,16.9,16.4,0.7
Europe,2020,Mix disasters,38.1,50.7,49.3,1.2,17.7,18.6,33907.0,13.1,80.8,20.8,42.6,21.5,0.0
Europe,2020,Storm,39.5,50.9,49.1,1.1,17.1,19.5,41186.0,12.4,82.2,28.3,18.4,35.7,0.0
Europe,2020,WeatherDisaster,41.4,51.2,48.8,1.0,15.8,20.5,40662.0,11.3,81.6,30.3,13.9,25.4,0.0
Europe,2020,Wildfire,42.0,51.2,48.8,1.0,15.3,20.6,32416.0,11.0,81.5,27.4,12.8,29.7,0.0
Europe,2021,All,41.1,51.1,48.9,1.0,15.8,19.9,43812.0,11.9,81.0,28.3,12.7,30.7,0.2
Europe,2021,Conflict,39.9,52.5,47.5,1.1,17.6,19.5,38072.0,11.6,78.9,32.6,11.3,29.3,0.0
Europe,2021,Disaster,41.1,51.0,49.0,1.0,15.7,19.9,44454.0,11.9,81.1,28.0,12.8,30.8,0.2
Europe,2021,Earthquake,43.2,50.7,49.3,0.8,14.0,22.6,21780.0,10.8,81.6,32.2,19.0,6.3,0.0
Europe,2021,Flood,40.6,50.8,49.2,1.1,15.9,19.4,50039.0,12.2,80.7,30.6,14.0,29.0,0.3
Europe,2021,Mass movement,38.8,48.9,51.1,1.0,16.5,15.0,49983.0,12.5,83.1,12.6,12.7,29.4,0.9
Europe,2021,Storm,41.6,51.1,48.9,1.1,16.0,20.4,34438.0,12.5,80.8,30.0,10.4,27.1,0.0
Europe,2021,Volcanic activity,42.9,50.7,49.3,0.9,14.7,20.1,32416.0,10.0,83.0,13.0,9.1,40.8,0.0
Europe,2021,WeatherDisaster,40.9,51.0,49.0,1.0,15.8,19.8,50039.0,12.0,80.9,28.9,12.8,31.1,0.2
Europe,2021,Wildfire,41.9,51.7,48.3,1.0,15.6,21.0,40662.0,11.3,82.0,22.6,9.1,39.1,0.1
Europe,2022,All,41.2,51.3,48.7,1.0,16.4,20.2,41807.0,11.1,82.3,34.4,15.1,17.9,0.2
Europe,2022,Conflict,39.8,55.0,45.0,1.0,16.9,18.2,35062.0,12.8,75.5,47.6,13.9,14.5,0.0
Europe,2022,Disaster,41.2,51.2,48.8,1.1,16.4,20.3,41807.0,11.0,82.5,34.1,15.2,18.0,0.2
Europe,2022,Earthquake,43.7,52.0,48.0,0.7,13.1,22.3,30095.0,8.5,79.0,54.1,9.9,11.2,0.0
Europe,2022,Erosion,39.3,54.5,45.5,1.1,17.9,16.9,16739.0,12.7,74.4,47.9,10.6,12.4,0.0
Europe,2022,Flood,39.7,51.7,48.3,1.1,17.2,17.7,18945.0,11.4,76.5,33.2,16.1,15.3,1.3
Europe,2022,Mass movement,44.3,51.6,48.4,0.8,13.5,22.6,49983.0,10.9,83.1,21.7,6.1,42.6,1.6
Europe,2022,Storm,39.8,51.0,49.0,1.1,16.8,19.5,41186.0,12.4,82.1,26.0,15.6,36.9,1.4
Europe,2022,WeatherDisaster,41.1,51.2,48.8,1.1,16.5,20.2,41807.0,11.1,82.6,34.3,15.3,17.5,0.1
Europe,2022,Wildfire,41.2,51.2,48.8,1.1,16.5,20.3,41807.0,11.0,82.8,34.5,15.3,17.1,0.1
Europe,2023,All,41.3,52.4,47.6,0.9,15.7,19.5,35062.0,11.8,79.6,35.0,13.3,18.6,0.2
Europe,2023,Conflict,39.8,55.2,44.8,1.0,17.0,18.2,35062.0,12.9,75.2,50.6,12.0,12.6,0.0
Europe,2023,Disaster,41.9,51.3,48.7,0.9,15.2,20.0,38389.0,11.4,81.3,29.0,13.8,20.9,0.3
Europe,2023,Earthquake,39.5,51.5,48.5,1.2,17.7,20.2,41807.0,11.5,82.5,34.9,14.2,13.2,0.0
Europe,2023,Flood,39.7,52.7,47.3,1.0,16.5,16.4,33512.0,11.9,76.1,31.9,16.9,19.4,0.6
Europe,2023,Mass movement,41.1,49.5,50.5,1.0,16.3,19.4,58055.0,12.8,82.8,12.1,23.8,17.6,0.0
Europe,2023,Storm,42.6,51.3,48.7,0.9,14.8,21.0,53774.0,11.8,82.6,36.5,11.2,22.8,0.4
Europe,2023,Volcanic activity,33.5,48.6,51.4,1.5,22.7,12.2,58055.0,13.7,82.4,0.9,10.8,3.1,0.0
Europe,2023,WeatherDisaster,42.2,51.4,48.6,0.9,15.0,20.2,38072.0,11.3,81.2,29.8,13.8,21.4,0.3
Europe,2023,Wildfire,42.8,50.8,49.2,0.9,14.6,21.1,32416.0,10.5,82.3,20.9,15.2,21.0,0.0
Europe,2024,All,40.8,54.6,45.4,0.9,15.4,18.3,14268.0,11.9,74.9,38.2,10.3,28.4,0.0
Europe,2024,Conflict,41.4,55.0,45.0,0.9,14.5,18.8,14268.0,11.7,74.6,39.6,8.9,29.0,0.0
Europe,2024,Disaster,38.8,53.4,46.6,1.1,18.3,16.8,35611.0,12.6,75.7,33.7,14.7,26.5,0.1
Europe,2024,Earthquake,39.3,54.8,45.2,1.1,18.6,16.7,42505.0,12.8,72.9,32.0,19.9,20.0,0.0
Europe,2024,Flood,38.2,54.0,46.0,1.2,19.1,16.0,18945.0,12.6,74.2,36.2,15.8,22.6,0.0
Europe,2024,Mass movement,42.5,50.6,49.4,0.9,14.9,20.6,46957.0,11.5,83.1,18.4,8.1,21.4,13.2
Europe,2024,Storm,42.2,51.0,49.0,1.0,14.3,21.2,53371.0,13.4,81.5,23.4,8.5,53.0,0.0
Europe,2024,Volcanic activity,33.5,48.6,51.4,1.5,22.7,12.2,58055.0,13.7,82.4,0.9,10.8,3.1,0.0
Europe,2024,WeatherDisaster,38.9,53.5,46.5,1.1,18.3,16.8,35611.0,12.6,75.6,34.4,14.8,27.0,0.0
Europe,2024,Wildfire,42.9,50.8,49.2,0.9,14.8,20.1,35611.0,10.3,83.0,33.3,13.8,30.1,0.0
Latin America and the Caribbean,2018,All,29.1,49.7,50.3,1.7,25.4,9.1,9702.0,9.4,74.3,23.9,24.0,15.4,16.8
Latin America and the Caribbean,2018,Conflict,33.0,52.1,47.9,1.3,20.9,8.9,15623.0,8.7,77.2,4.0,24.5,33.8,2.6
Latin America and the Caribbean,2018,Disaster,29.0,49.7,50.3,1.7,25.4,9.1,9702.0,9.4,74.3,23.9,24.0,15.4,16.8
Latin America and the Caribbean,2018,Earthquake,24.5,50.9,49.1,2.0,30.8,6.7,2361.0,6.2,70.4,42.2,22.7,7.0,9.6
Latin America and the Caribbean,2018,Extreme temperature,21.3,49.2,50.8,2.6,36.5,5.1,4226.0,3.7,73.1,22.6,35.9,4.6,49.5
Latin America and the Caribbean,2018,Flood,27.2,49.8,50.2,1.9,27.4,7.6,10669.0,9.2,74.0,11.7,23.7,18.6,25.2
Latin America and the Caribbean,2018,Mass movement,32.6,51.8,48.2,1.3,21.6,9.1,15623.0,8.6,76.9,5.2,25.9,29.7,4.9
Latin America and the Caribbean,2018,Storm,38.1,49.5,50.5,1.1,17.7,14.3,9303.0,11.9,76.5,39.8,26.2,13.5,0.1
Latin America and the Caribbean,2018,Volcanic activity,23.3,48.4,51.6,2.2,31.3,5.3,9702.0,6.1,72.6,40.3,16.8,9.2,16.0
Latin America and the Caribbean,2018,Wave action,27.0,49.5,50.5,1.9,28.9,7.6,10493.0,8.8,77.3,23.0,17.5,22.1,2.9
Latin America and the Caribbean,2018,WeatherDisaster,30.1,49.7,50.3,1.6,24.4,9.7,10669.0,10.0,74.8,21.0,24.7,16.6,17.6
Latin America and the Caribbean,2018,Wildfire,33.7,48.8,51.2,1.5,21.2,9.9,34677.0,12.4,72.3,7.5,2.9,6.1,0.0
Latin America and the Caribbean,2018-2024,All,30.1,50.4,49.6,1.6,24.3,9.3,9702.0,8.5,74.4,20.6,24.5,21.8,10.8
Latin America and the Caribbean,2018-2024,Conflict,26.9,50.9,49.1,1.7,26.1,6.3,8790.0,7.4,70.4,21.8,24.3,28.8,4.5
Latin America and the Caribbean,2018-2024,Disaster,30.5,50.3,49.7,1.6,24.1,9.6,9702.0,8.6,74.8,20.5,24.6,21.0,11.5
Latin America and the Caribbean,2018-2024,Drought,30.2,51.1,48.9,1.4,23.6,9.6,10378.0,6.6,72.7,6.6,15.0,21.8,0.5
Latin America and the Caribbean,2018-2024,Earthquake,24.2,48.8,51.2,1.9,30.6,6.3,2410.0,5.2,68.1,53.1,8.6,5.7,3.0
Latin America and the Caribbean,2018-2024,Erosion,25.1,49.2,50.8,2.2,31.1,5.8,8383.0,8.0,74.2,3.8,12.5,17.3,11.2
Latin America and the Caribbean,2018-2024,Extreme temperature,21.6,48.8,51.2,2.5,35.9,4.6,4226.0,4.7,73.1,14.7,15.6,9.2,86.6
Latin America and the Caribbean,2018-2024,Flood,28.3,50.4,49.6,1.7,26.4,7.9,10258.0,8.1,74.7,10.8,26.1,27.2,17.3
Latin America and the Caribbean,2018-2024,Mass movement,25.5,49.8,50.2,2.0,30.2,6.5,8425.0,6.1,74.3,13.0,23.1,15.2,43.1
Latin America and the Caribbean,2018-2024,Mix disasters,31.2,51.6,48.4,1.4,22.7,10.0,10378.0,7.2,73.0,5.0,11.1,34.9,0.9
Latin America and the Caribbean,2018-2024,Sea level rise,31.3,50.1,49.9,1.5,23.7,9.9,18110.0,7.8,79.4,16.6,27.8,3.5,12.7
Latin America and the Caribbean,2018-2024,Storm,33.2,50.4,49.6,1.4,21.5,11.3,9303.0,9.4,75.5,24.7,25.3,18.5,6.4
Latin America and the Caribbean,2018-2024,Volcanic activity,28.6,49.1,50.9,1.7,24.4,6.8,12269.0,8.6,72.9,24.6,9.5,4.3,11.8
Latin America and the Caribbean,2018-2024,Wave action,27.0,49.5,50.5,1.9,28.9,7.6,10493.0,8.8,77.3,23.0,17.5,22.1,2.9
Latin America and the Caribbean,2018-2024,WeatherDisaster,31.0,50.4,49.6,1.5,23.6,9.9,9793.0,8.9,75.2,18.8,25.6,22.0,11.6
Latin America and the Caribbean,2018-2024,Wildfire,34.3,50.8,49.2,1.3,20.1,12.7,25332.0,10.7,79.0,14.9,32.2,24.5,2.4
Latin America and the Caribbean,2019,All,29.5,51.0,49.0,1.6,24.4,8.6,15623.0,9.1,74.0,9.0,19.2,31.5,14.9
Latin America and the Caribbean,2019,Conflict,27.4,51.1,48.9,1.8,27.4,7.5,9442.0,7.4,74.1,20.3,24.9,15.6,15.8
Latin America and the Caribbean,2019,Disaster,29.6,51.0,49.0,1.6,24.2,8.7,15625.0,9.2,74.0,8.4,18.9,32.3,14.8
Latin America and the Caribbean,2019,Drought,30.5,51.3,48.7,1.4,23.1,9.9,10378.0,6.4,72.1,6.2,8.2,21.6,0.0
Latin America and the Caribbean,2019,Earthquake,24.0,49.9,50.1,2.4,32.8,5.5,8383.0,7.9,73.9,23.3,7.0,9.4,26.5
Latin America and the Caribbean,2019,Extreme temperature,21.5,49.5,50.5,2.5,35.8,4.6,9702.0,5.5,72.7,12.3,19.5,9.8,98.7
Latin America and the Caribbean,2019,Flood,28.8,50.9,49.1,1.7,24.8,8.4,12905.0,8.8,74.3,8.4,21.6,37.4,16.6
Latin America and the Caribbean,2019,Mass movement,29.2,51.8,48.2,1.6,25.1,8.3,11672.0,6.9,73.8,13.0,39.3,23.5,5.8
Latin America and the Caribbean,2019,Mix disasters,31.2,51.6,48.4,1.4,22.7,10.0,10378.0,7.2,73.0,5.0,11.1,34.9,0.9
Latin America and the Caribbean,2019,Storm,34.4,51.2,48.8,1.3,20.3,10.3,34677.0,11.5,73.1,6.3,7.5,18.3,0.7
Latin America and the Caribbean,2019,Volcanic activity,29.8,48.3,51.7,1.6,23.6,8.2,12905.0,9.3,76.1,12.4,14.6,2.7,14.0
Latin America and the Caribbean,2019,WeatherDisaster,29.7,50.9,49.1,1.6,24.1,8.7,15625.0,9.2,74.0,8.2,18.7,32.8,15.0
Latin America and the Caribbean,2019,Wildfire,30.3,50.7,49.3,1.6,24.0,9.6,19287.0,9.4,76.1,20.3,25.1,29.7,4.7
Latin America and the Caribbean,2020,All,33.7,50.2,49.8,1.4,21.3,11.9,8086.0,9.8,75.9,31.6,27.8,13.3,6.9
Latin America and the Caribbean,2020,Conflict,26.5,50.8,49.2,1.8,28.0,7.5,8806.0,6.7,72.9,19.9,25.3,11.4,8.8
Latin America and the Caribbean,2020,Disaster,33.8,50.2,49.8,1.4,21.1,12.0,8086.0,9.9,76.0,31.9,27.9,13.3,6.9
Latin America and the Caribbean,2020,Drought,31.6,52.2,47.8,1.4,22.2,9.7,12643.0,7.2,74.2,5.1,26.3,38.4,0.6
Latin America and the Caribbean,2020,Earthquake,38.9,52.5,47.5,1.0,17.3,15.4,12794.0,12.3,76.6,20.3,11.3,56.1,12.2
Latin America and the Caribbean,2020,Extreme temperature,20.8,48.1,51.9,2.6,37.5,4.0,4226.0,3.7,73.2,12.7,6.7,7.3,97.6
Latin America and the Caribbean,2020,Flood,31.9,51.0,49.0,1.4,22.0,9.6,15341.0,8.1,75.4,11.6,24.5,31.9,4.7
Latin America and the Caribbean,2020,Mass movement,21.7,48.4,51.6,2.5,36.0,4.4,4226.0,4.3,73.5,12.0,9.0,9.1,87.4
Latin America and the Caribbean,2020,Storm,34.7,50.1,49.9,1.3,20.5,12.7,7443.0,10.4,76.2,36.4,29.2,9.8,4.6
Latin America and the Caribbean,2020,WeatherDisaster,34.0,50.2,49.8,1.3,20.9,12.1,8086.0,10.0,76.0,32.2,28.2,13.3,5.5
Latin America and the Caribbean,2020,Wildfire,30.7,51.4,48.6,1.5,23.8,9.6,17837.0,9.3,76.2,20.6,27.8,27.3,8.7
Latin America and the Caribbean,2021,All,29.8,49.8,50.2,1.6,24.8,9.1,8777.0,8.1,74.1,26.4,26.4,16.6,4.8
Latin America and the Caribbean,2021,Conflict,30.0,51.1,48.9,1.5,23.8,7.9,14445.0,8.3,76.1,13.0,38.0,24.2,3.7
Latin America and the Caribbean,2021,Disaster,29.8,49.5,50.5,1.6,25.1,9.4,8086.0,8.1,73.5,30.0,23.3,14.5,5.2
Latin America and the Caribbean,2021,Earthquake,23.9,48.4,51.6,1.9,30.9,6.1,2410.0,4.8,67.2,57.0,7.2,4.5,0.6
Latin America and the Caribbean,2021,Extreme temperature,21.9,48.5,51.5,2.5,35.7,4.4,4226.0,4.7,73.4,12.5,11.3,12.6,82.6
Latin America and the Caribbean,2021,Flood,26.4,49.8,50.2,1.9,29.0,6.4,9442.0,7.6,74.7,5.2,30.5,26.0,13.5
Latin America and the Caribbean,2021,Mass movement,27.7,49.3,50.7,1.8,27.8,6.8,8383.0,8.6,75.1,9.8,26.8,18.8,11.4
Latin America and the Caribbean,2021,Storm,38.6,49.9,50.1,1.1,17.3,15.1,8086.0,10.9,76.9,37.5,29.6,10.6,0.5
Latin America and the Caribbean,2021,Volcanic activity,33.5,49.8,50.2,1.2,18.0,8.1,12269.0,10.8,72.9,14.5,2.9,0.1,0.0
Latin America and the Caribbean,2021,WeatherDisaster,31.9,49.9,50.1,1.5,23.1,10.8,8806.0,9.3,76.0,20.3,30.3,18.9,7.1
Latin America and the Caribbean,2021,Wildfire,34.8,50.8,49.2,1.3,19.2,13.3,25332.0,11.2,80.2,7.5,36.2,28.2,1.3
Latin America and the Caribbean,2022,All,28.6,50.4,49.6,1.7,25.9,8.3,10153.0,7.4,74.2,14.6,22.3,25.1,18.0
Latin America and the Caribbean,2022,Conflict,25.4,50.6,49.4,1.8,28.1,5.5,4499.0,6.6,67.4,27.6,18.4,25.7,5.8
Latin America and the Caribbean,2022,Disaster,28.9,50.4,49.6,1.7,25.8,8.5,10594.0,7.5,74.7,13.7,22.6,25.0,18.9
Latin America and the Caribbean,2022,Drought,29.0,50.9,49.1,1.6,25.2,8.3,10378.0,7.1,73.6,3.8,12.6,34.8,2.6
Latin America and the Caribbean,2022,Earthquake,27.1,49.6,50.4,1.8,28.5,7.9,8383.0,7.3,72.6,30.7,14.2,9.0,9.9
Latin America and the Caribbean,2022,Erosion,23.3,48.7,51.3,2.5,34.2,4.9,8383.0,8.8,74.3,4.7,1.3,9.0,18.6
Latin America and the Caribbean,2022,Extreme temperature,22.8,48.3,51.7,2.4,34.2,5.4,4226.0,5.0,73.7,21.1,13.3,8.0,69.6
Latin America and the Caribbean,2022,Flood,26.3,49.9,50.1,1.9,28.9,6.6,8806.0,6.8,74.1,10.5,21.4,25.6,25.7
Latin America and the Caribbean,2022,Mass movement,23.3,49.2,50.8,2.3,33.3,5.3,4226.0,5.3,73.9,17.0,14.0,11.9,60.2
Latin America and the Caribbean,2022,Storm,30.5,50.8,49.2,1.5,23.9,9.5,12643.0,7.9,75.0,14.8,23.6,25.6,14.2
Latin America and the Caribbean,2022,Volcanic activity,21.6,48.2,51.8,2.5,35.5,4.4,4226.0,4.5,73.0,22.1,10.2,8.0,70.4
Latin America and the Caribbean,2022,WeatherDisaster,29.0,50.5,49.5,1.7,25.6,8.5,10786.0,7.5,74.7,13.5,22.8,25.4,18.4
Latin America and the Caribbean,2022,Wildfire,38.7,50.2,49.8,1.1,17.4,14.8,10594.0,11.6,77.5,34.8,32.8,9.5,2.7
Latin America and the Caribbean,2023,All,29.6,50.4,49.6,1.6,24.7,8.6,10258.0,8.2,74.2,18.0,26.7,22.9,9.5
Latin America and the Caribbean,2023,Conflict,25.7,50.7,49.3,1.8,27.2,5.4,4499.0,6.8,66.9,27.8,17.7,32.1,3.0
Latin America and the Caribbean,2023,Disaster,30.3,50.4,49.6,1.6,24.3,9.0,10258.0,8.4,75.2,16.5,28.0,21.5,10.4
Latin America and the Caribbean,2023,Drought,30.3,51.2,48.8,1.4,23.4,9.8,10378.0,6.5,72.2,6.6,8.5,20.6,1.1
Latin America and the Caribbean,2023,Earthquake,25.8,51.4,48.6,1.9,28.9,7.5,7311.0,6.7,73.0,41.2,9.1,13.7,24.2
Latin America and the Caribbean,2023,Erosion,26.4,49.5,50.5,1.9,28.7,6.4,8806.0,7.3,74.2,2.9,21.3,23.6,5.3
Latin America and the Caribbean,2023,Extreme temperature,22.3,50.4,49.6,2.4,33.9,4.8,9702.0,5.9,72.7,8.2,21.7,22.1,80.0
Latin America and the Caribbean,2023,Flood,30.2,50.4,49.6,1.6,25.1,9.2,10258.0,8.7,76.0,19.5,32.9,16.9,17.9
Latin America and the Caribbean,2023,Mass movement,30.7,50.9,49.1,1.5,23.5,9.3,10271.0,7.8,76.4,12.1,40.8,16.1,8.0
Latin America and the Caribbean,2023,Sea level rise,31.3,50.1,49.9,1.5,23.7,9.9,18110.0,7.8,79.4,16.6,27.8,3.5,12.7
Latin America and the Caribbean,2023,Storm,30.5,50.3,49.7,1.5,23.6,8.8,12051.0,8.3,74.5,13.6,23.7,26.1,3.0
Latin America and the Caribbean,2023,Volcanic activity,22.5,49.8,50.2,2.4,34.2,5.3,9702.0,6.3,73.1,12.5,22.5,9.9,92.2
Latin America and the Caribbean,2023,WeatherDisaster,30.4,50.4,49.6,1.6,24.3,9.1,10258.0,8.5,75.3,16.4,28.0,21.7,10.2
Latin America and the Caribbean,2023,Wildfire,34.7,50.8,49.2,1.3,20.0,13.5,21736.0,10.2,79.6,20.3,26.5,17.3,1.8
Latin America and the Caribbean,2024,All,27.8,50.9,49.1,1.6,25.3,7.3,8777.0,7.9,70.9,16.4,22.0,37.1,4.4
Latin America and the Caribbean,2024,Conflict,24.8,50.9,49.1,1.8,27.1,4.1,4499.0,7.1,63.4,29.3,8.8,44.9,1.7
Latin America and the Caribbean,2024,Disaster,30.5,51.0,49.0,1.5,24.2,9.3,12586.0,8.4,75.6,8.2,30.2,32.2,6.0
Latin America and the Caribbean,2024,Drought,29.4,50.1,49.9,1.7,25.2,8.0,10443.0,8.0,76.6,11.4,62.2,14.2,2.1
Latin America and the Caribbean,2024,Earthquake,25.7,50.6,49.4,2.0,31.9,8.6,12905.0,10.3,77.1,10.0,44.6,2.9,29.0
Latin America and the Caribbean,2024,Erosion,25.1,49.3,50.7,2.1,30.7,5.1,8425.0,8.5,75.1,5.9,15.6,25.3,16.1
Latin America and the Caribbean,2024,Extreme temperature,21.3,48.3,51.7,2.6,36.6,4.2,4226.0,4.2,73.3,14.2,8.2,9.2,89.1
Latin America and the Caribbean,2024,Flood,27.0,50.2,49.8,1.8,28.4,7.8,8777.0,8.1,74.8,7.9,42.3,18.1,7.5
Latin America and the Caribbean,2024,Mass movement,29.0,50.5,49.5,1.7,26.4,8.6,10153.0,8.6,75.6,8.5,25.9,25.4,14.0
Latin America and the Caribbean,2024,Storm,34.4,51.9,48.1,1.2,19.5,10.9,15625.0,8.7,76.2,8.3,17.8,48.4,1.6
Latin America and the Caribbean,2024,WeatherDisaster,30.5,51.0,49.0,1.5,24.1,9.3,12586.0,8.4,75.6,8.2,30.3,32.2,6.0
Latin America and the Caribbean,2024,Wildfire,34.6,50.9,49.1,1.3,19.5,13.1,25332.0,11.1,80.0,9.2,35.9,27.1,1.4
Northern Africa and Western Asia,2018,All,21.3,49.5,50.5,2.2,35.6,4.4,5007.0,5.3,70.2,42.2,15.5,21.5,6.1
Northern Africa and Western Asia,2018,Conflict,21.4,49.8,50.2,2.1,35.1,4.5,5007.0,5.2,70.3,45.3,12.8,22.2,7.1
Northern Africa and Western Asia,2018,Disaster,20.7,48.1,51.9,2.7,37.9,3.5,4762.0,5.8,69.7,27.1,28.9,18.5,1.2
Northern Africa and Western Asia,2018,Flood,19.3,50.1,49.9,2.9,40.0,3.7,11253.0,6.2,70.1,36.3,16.3,21.4,1.5
Northern Africa and Western Asia,2018,Mass movement,19.1,49.2,50.8,2.4,40.4,4.5,2198.0,3.9,66.5,29.4,33.5,12.0,0.4
Northern Africa and Western Asia,2018,Storm,23.6,44.6,55.4,2.4,33.9,3.1,2143.0,4.9,69.0,10.1,51.9,13.1,0.6
Northern Africa and Western Asia,2018,WeatherDisaster,20.7,48.1,51.9,2.8,37.9,3.5,4762.0,5.8,69.7,27.0,28.9,18.5,1.2
Northern Africa and Western Asia,2018,Wildfire,31.0,49.6,50.4,1.4,23.8,8.8,22169.0,8.6,77.8,21.8,6.1,22.2,0.0
Northern Africa and Western Asia,2018-2024,All,20.7,49.0,51.0,2.9,37.3,3.6,5395.0,7.3,71.2,15.7,13.4,50.8,2.3
Northern Africa and Western Asia,2018-2024,Conflict,20.5,49.0,51.0,2.9,37.6,3.4,5395.0,7.4,71.1,14.9,13.1,52.3,2.4
Northern Africa and Western Asia,2018-2024,Disaster,25.8,49.9,50.1,1.9,29.7,6.9,16721.0,6.6,74.1,33.8,19.5,15.8,1.6
Northern Africa and Western Asia,2018-2024,Drought,18.0,49.5,50.5,3.4,43.0,2.9,10659.0,7.4,71.5,41.5,18.5,18.3,0.1
Northern Africa and Western Asia,2018-2024,Earthquake,27.9,49.8,50.2,1.6,27.0,7.7,19640.0,7.3,75.6,37.1,16.4,12.1,1.8
Northern Africa and Western Asia,2018-2024,Extreme temperature,30.3,49.8,50.2,1.4,21.9,9.2,8356.0,9.4,79.2,24.7,40.9,6.0,0.0
Northern Africa and Western Asia,2018-2024,Flood,19.8,50.9,49.1,3.0,39.6,4.2,2499.0,4.1,68.3,29.7,28.8,13.7,1.0
Northern Africa and Western Asia,2018-2024,Mass movement,31.1,50.1,49.9,1.5,24.7,10.4,17698.0,8.7,76.2,18.3,11.2,12.6,0.4
Northern Africa and Western Asia,2018-2024,Mix disasters,30.5,49.8,50.2,1.4,21.6,9.2,16721.0,8.4,79.2,6.0,15.1,73.7,0.0
Northern Africa and Western Asia,2018-2024,Storm,23.8,46.4,53.6,2.2,33.0,3.7,2143.0,5.2,69.9,18.6,43.8,16.8,0.2
Northern Africa and Western Asia,2018-2024,WeatherDisaster,20.7,50.2,49.8,2.8,38.0,4.4,3305.0,4.7,69.4,30.6,28.2,14.6,1.6
Northern Africa and Western Asia,2018-2024,Wildfire,26.5,49.8,50.2,1.7,28.6,7.3,10685.0,7.6,75.6,44.8,11.1,17.1,8.1
Northern Africa and Western Asia,2019,All,21.2,49.6,50.4,2.1,35.2,4.6,4762.0,4.3,70.0,50.5,19.3,16.2,0.5
Northern Africa and Western Asia,2019,Conflict,21.4,49.4,50.6,2.0,34.6,4.6,4762.0,4.3,70.2,52.4,18.7,16.7,0.4
Northern Africa and Western Asia,2019,Disaster,19.0,51.9,48.1,3.3,41.4,4.2,2499.0,3.8,68.1,29.3,26.2,11.2,1.4
Northern Africa and Western Asia,2019,Earthquake,21.3,51.3,48.7,3.0,37.3,4.9,3901.0,4.8,69.6,57.0,18.1,2.5,0.0
Northern Africa and Western Asia,2019,Flood,18.9,52.0,48.0,3.4,41.6,4.2,2499.0,3.8,68.0,29.5,26.3,10.9,1.4
Northern Africa and Western Asia,2019,Mass movement,31.0,49.8,50.2,1.4,23.8,8.8,17698.0,8.5,79.4,14.4,1.3,8.8,0.0
Northern Africa and Western Asia,2019,Storm,30.0,41.5,58.5,1.5,22.2,5.8,16721.0,9.4,78.1,6.4,15.1,41.8,0.1
Northern Africa and Western Asia,2019,WeatherDisaster,18.9,51.9,48.1,3.3,41.4,4.2,2499.0,3.8,68.1,29.3,26.2,11.2,1.4
Northern Africa and Western Asia,2019,Wildfire,30.5,49.8,50.2,1.4,21.6,9.2,16721.0,8.4,79.2,6.0,15.1,73.7,0.0
Northern Africa and Western Asia,2020,All,24.7,49.7,50.3,2.1,31.9,5.9,9736.0,6.1,71.1,20.5,35.3,28.5,2.2
Northern Africa and Western Asia,2020,Conflict,22.1,49.9,50.1,2.4,36.3,4.5,2198.0,5.3,67.0,24.5,46.9,9.3,3.1
Northern Africa and Western Asia,2020,Disaster,27.1,49.6,50.4,1.8,27.4,7.4,16721.0,7.0,75.3,16.4,23.6,48.0,1.3
Northern Africa and Western Asia,2020,Earthquake,30.2,49.7,50.3,1.5,25.1,8.4,12611.0,8.4,77.0,37.5,17.5,20.3,7.1
Northern Africa and Western Asia,2020,Extreme temperature,30.3,49.8,50.2,1.4,21.9,9.2,8356.0,9.4,79.2,24.7,40.9,6.0,0.0
Northern Africa and Western Asia,2020,Flood,20.5,49.1,50.9,2.7,38.2,3.7,2143.0,3.7,66.5,17.2,47.8,13.3,2.5
Northern Africa and Western Asia,2020,Mass movement,30.8,49.9,50.1,1.5,24.0,8.8,17698.0,8.5,79.2,15.5,1.6,8.6,0.0
Northern Africa and Western Asia,2020,Mix disasters,30.5,49.8,50.2,1.4,21.6,9.2,16721.0,8.4,79.2,6.0,15.1,73.7,0.0
Northern Africa and Western Asia,2020,Storm,18.8,49.6,50.4,2.9,41.2,2.8,1061.0,2.8,64.0,4.5,79.6,6.3,0.0
Northern Africa and Western Asia,2020,WeatherDisaster,20.8,49.4,50.6,2.5,37.0,4.3,2143.0,4.5,68.6,27.9,38.5,14.3,2.0
Northern Africa and Western Asia,2020,Wildfire,21.9,49.8,50.2,1.9,33.6,5.8,4878.0,6.5,73.6,54.5,8.7,18.8,1.6
Northern Africa and Western Asia,2021,All,20.1,50.3,49.7,2.5,38.0,4.5,4762.0,4.7,69.3,31.5,27.4,20.2,3.0
Northern Africa and Western Asia,2021,Conflict,19.9,50.1,49.9,2.5,38.3,4.4,4762.0,4.8,69.0,30.8,28.6,20.6,3.6
Northern Africa and Western Asia,2021,Disaster,21.2,50.9,49.1,2.6,37.0,5.1,4941.0,4.5,70.3,34.1,23.3,18.5,0.8
Northern Africa and Western Asia,2021,Earthquake,33.9,28.6,71.4,0.8,13.9,1.4,68591.0,12.7,79.7,0.2,0.0,90.7,0.0
Northern Africa and Western Asia,2021,Flood,19.7,51.3,48.7,2.9,39.5,4.4,2499.0,3.5,68.6,34.0,25.5,18.1,0.4
Northern Africa and Western Asia,2021,Mass movement,31.0,49.8,50.2,1.4,23.8,8.8,33671.0,8.7,77.5,18.1,6.8,53.3,0.0
Northern Africa and Western Asia,2021,Storm,24.7,46.5,53.5,1.8,30.9,4.5,4941.0,6.9,74.1,30.2,11.6,27.4,0.0
Northern Africa and Western Asia,2021,WeatherDisaster,21.2,50.9,49.1,2.6,37.0,5.1,4941.0,4.5,70.3,34.1,23.3,18.4,0.8
Northern Africa and Western Asia,2021,Wildfire,30.4,50.3,49.7,1.5,24.7,8.8,33858.0,9.1,78.1,36.0,14.5,17.7,2.9
Northern Africa and Western Asia,2022,All,19.2,50.2,49.8,2.9,40.3,4.0,2499.0,3.8,67.3,29.6,37.4,11.3,2.3
Northern Africa and Western Asia,2022,Conflict,19.1,50.1,49.9,2.9,40.4,3.9,2198.0,3.6,66.8,28.3,40.0,11.6,2.6
Northern Africa and Western Asia,2022,Disaster,19.7,50.5,49.5,3.1,39.7,4.3,4941.0,4.7,69.5,36.1,24.0,9.9,0.9
Northern Africa and Western Asia,2022,Drought,18.1,49.3,50.7,3.4,42.8,3.0,10659.0,7.5,71.2,44.4,20.2,15.6,0.0
Northern Africa and Western Asia,2022,Earthquake,31.0,49.4,50.6,1.4,23.8,8.8,33671.0,8.6,77.5,31.8,19.7,5.7,0.0
Northern Africa and Western Asia,2022,Flood,19.3,51.0,49.0,3.3,40.5,4.3,3178.0,3.7,68.3,31.7,28.1,6.2,0.5
Northern Africa and Western Asia,2022,Mass movement,31.5,49.9,50.1,1.4,23.5,9.4,17698.0,8.8,78.4,18.8,8.6,15.7,0.0
Northern Africa and Western Asia,2022,Storm,21.4,49.7,50.3,1.9,34.1,4.9,4941.0,4.3,71.3,49.8,8.5,31.7,0.0
Northern Africa and Western Asia,2022,WeatherDisaster,19.6,50.5,49.5,3.1,39.9,4.3,4762.0,4.7,69.4,36.3,24.2,9.9,0.9
Northern Africa and Western Asia,2022,Wildfire,27.9,49.4,50.6,1.7,27.4,7.5,7713.0,7.5,74.8,49.5,5.6,11.4,11.1
Northern Africa and Western Asia,2023,All,20.7,48.9,51.1,2.9,37.3,3.5,5395.0,7.6,71.4,13.9,12.4,53.3,2.4
Northern Africa and Western Asia,2023,Conflict,20.5,48.9,51.1,3.0,37.7,3.3,5395.0,7.6,71.2,13.1,12.3,54.7,2.4
Northern Africa and Western Asia,2023,Disaster,27.4,49.8,50.2,1.6,27.5,7.5,19640.0,7.1,75.2,36.4,17.6,12.2,1.8
Northern Africa and Western Asia,2023,Drought,17.8,49.8,50.2,3.3,43.2,2.8,10972.0,7.2,72.1,37.3,16.0,22.2,0.2
Northern Africa and Western Asia,2023,Earthquake,27.8,49.8,50.2,1.6,27.0,7.7,19640.0,7.2,75.6,37.1,16.4,12.0,1.7
Northern Africa and Western Asia,2023,Flood,21.9,49.8,50.2,2.5,35.7,4.1,2666.0,4.5,68.2,25.7,36.1,13.7,0.6
Northern Africa and Western Asia,2023,Mass movement,43.0,51.7,48.3,0.9,16.8,21.3,12235.0,12.0,73.2,7.2,15.9,3.6,0.0
Northern Africa and Western Asia,2023,Storm,25.3,46.5,53.5,2.1,30.9,3.8,4762.0,5.7,70.7,20.1,43.3,16.3,0.1
Northern Africa and Western Asia,2023,WeatherDisaster,22.9,49.0,51.0,2.4,34.3,4.3,7313.0,5.4,70.0,27.2,32.9,15.4,3.2
Northern Africa and Western Asia,2023,Wildfire,29.0,49.4,50.6,1.5,26.2,7.7,10685.0,7.3,75.4,39.7,12.2,15.1,26.4
Northern Africa and Western Asia,2024,All,19.2,50.5,49.5,3.1,40.3,3.6,5395.0,5.9,70.0,28.2,19.9,34.2,2.2
Northern Africa and Western Asia,2024,Conflict,19.2,50.5,49.5,3.1,40.3,3.6,5395.0,5.9,69.9,28.2,19.8,34.3,2.2
Northern Africa and Western Asia,2024,Disaster,22.0,48.5,51.5,2.5,35.7,4.4,11253.0,7.3,72.1,26.5,23.1,29.5,1.2
Northern Africa and Western Asia,2024,Flood,21.7,48.4,51.6,2.6,36.1,4.2,11253.0,7.2,71.9,26.3,23.1,30.3,1.2
Northern Africa and Western Asia,2024,Mass movement,33.4,50.6,49.4,1.3,22.7,11.6,17162.0,10.6,75.1,27.9,16.0,5.2,4.0
Northern Africa and Western Asia,2024,Storm,28.3,49.8,50.2,1.5,25.0,8.3,8356.0,8.9,78.3,38.3,27.4,11.3,0.0
Northern Africa and Western Asia,2024,WeatherDisaster,21.8,48.4,51.6,2.6,35.9,4.2,11253.0,7.2,72.0,26.5,23.2,29.9,1.2
Northern America,2018,All,35.2,50.6,49.4,1.4,19.3,14.9,73908.0,13.4,80.5,7.6,7.4,73.9,0.8
Northern America,2018,Disaster,35.2,50.6,49.4,1.4,19.3,14.9,73908.0,13.4,80.5,7.6,7.4,73.9,0.8
Northern America,2018,Earthquake,33.8,48.1,51.9,1.6,20.9,10.1,80770.0,13.8,78.5,0.3,0.0,38.9,8.9
Northern America,2018,Extreme temperature,36.9,51.5,48.5,1.3,18.7,16.3,55631.0,13.5,78.0,24.5,13.2,31.1,0.0
Northern America,2018,Flood,36.9,50.8,49.2,1.3,18.5,16.7,64152.0,13.6,79.6,15.7,10.0,50.9,2.7
Northern America,2018,Mass movement,35.5,50.6,49.4,1.3,18.9,15.1,73908.0,13.4,81.2,5.2,5.2,79.5,0.5
Northern America,2018,Storm,36.9,51.4,48.6,1.3,18.6,16.4,55631.0,13.5,78.1,20.0,11.7,35.2,0.2
Northern America,2018,Volcanic activity,38.2,50.1,49.9,1.3,17.4,18.0,64510.0,13.8,81.5,6.2,11.7,61.3,0.6
Northern America,2018,WeatherDisaster,35.2,50.6,49.4,1.4,19.3,14.8,73908.0,13.4,80.5,7.6,7.4,74.0,0.8
Northern America,2018,Wildfire,34.9,50.5,49.5,1.4,19.4,14.6,73908.0,13.4,80.9,5.4,6.6,80.8,0.8
Northern America,2018-2024,All,36.1,50.8,49.2,1.4,18.9,16.0,67730.0,13.4,79.8,10.4,9.3,61.8,1.1
Northern America,2018-2024,Conflict,38.8,51.1,48.9,1.1,16.7,17.6,48391.0,14.0,82.7,23.2,3.3,47.7,0.9
Northern America,2018-2024,Disaster,36.1,50.8,49.2,1.4,18.9,16.0,67730.0,13.4,79.8,10.4,9.3,61.8,1.1
Northern America,2018-2024,Earthquake,33.6,48.7,51.3,1.6,21.0,11.1,80770.0,13.8,79.1,2.7,1.9,47.5,7.7
Northern America,2018-2024,Extreme temperature,37.4,50.6,49.4,1.3,18.5,17.3,44411.0,13.4,79.8,32.1,4.7,34.8,0.6
Northern America,2018-2024,Flood,38.2,50.9,49.1,1.2,17.4,17.5,54346.0,13.7,80.2,20.3,6.8,44.7,1.3
Northern America,2018-2024,Mass movement,35.3,50.6,49.4,1.4,19.1,15.0,73908.0,13.3,81.1,5.5,5.4,79.4,0.6
Northern America,2018-2024,Storm,36.3,51.1,48.9,1.4,19.0,16.7,49537.0,13.4,78.7,12.7,11.3,53.7,0.2
Northern America,2018-2024,Volcanic activity,38.2,50.1,49.9,1.3,17.4,18.0,64510.0,13.8,81.5,6.2,11.7,61.3,0.6
Northern America,2018-2024,WeatherDisaster,36.1,50.8,49.2,1.4,18.9,16.0,67730.0,13.4,79.8,10.4,9.3,61.7,1.1
Northern America,2018-2024,Wildfire,35.7,50.5,49.5,1.3,18.9,15.3,73908.0,13.5,80.8,7.5,7.7,70.6,1.8
Northern America,2019,All,36.2,51.0,49.0,1.4,18.7,16.0,49537.0,13.4,79.2,11.9,8.7,54.9,0.5
Northern America,2019,Conflict,38.8,51.1,48.9,1.1,16.7,17.6,48391.0,14.0,82.7,23.2,3.3,47.7,0.9
Northern America,2019,Disaster,36.2,51.0,49.0,1.4,18.7,16.0,49537.0,13.4,79.1,11.9,8.7,54.9,0.5
Northern America,2019,Earthquake,34.7,50.5,49.5,1.4,19.5,14.4,73908.0,13.3,81.0,4.1,5.5,84.6,0.5
Northern America,2019,Extreme temperature,37.5,50.5,49.5,1.3,18.4,17.5,44411.0,13.4,80.3,34.2,2.9,33.7,0.7
Northern America,2019,Flood,38.3,51.0,49.0,1.2,17.4,18.0,54346.0,13.6,80.3,23.3,8.8,41.4,1.1
Northern America,2019,Mass movement,38.0,51.3,48.7,1.2,17.7,17.3,55631.0,13.7,79.3,20.0,9.8,39.1,0.2
Northern America,2019,Storm,37.6,51.5,48.5,1.3,18.1,17.3,46382.0,13.5,77.3,17.3,11.6,30.7,0.1
Northern America,2019,WeatherDisaster,36.2,51.0,49.0,1.4,18.7,16.0,49537.0,13.4,79.1,11.9,8.7,54.9,0.5
Northern America,2019,Wildfire,34.7,50.5,49.5,1.4,19.5,14.4,73908.0,13.3,81.0,4.8,5.7,82.5,0.8
Northern America,2020,All,34.5,50.5,49.5,1.5,20.3,14.3,67730.0,13.3,79.6,10.6,12.8,65.5,0.7
Northern America,2020,Disaster,34.5,50.5,49.5,1.5,20.3,14.3,67730.0,13.3,79.6,10.6,12.8,65.5,0.7
Northern America,2020,Earthquake,33.3,48.5,51.5,1.6,21.4,10.6,80770.0,13.8,78.8,3.1,1.8,42.1,8.8
Northern America,2020,Flood,37.3,50.6,49.4,1.3,17.9,15.9,65097.0,13.9,80.3,21.3,5.6,46.6,1.8
Northern America,2020,Mass movement,40.1,51.1,48.9,1.1,16.0,19.3,46574.0,13.9,81.2,16.4,6.6,42.0,1.3
Northern America,2020,Storm,33.6,50.6,49.4,1.6,21.5,13.4,67730.0,13.2,78.7,12.6,17.1,58.4,0.0
Northern America,2020,WeatherDisaster,34.5,50.5,49.5,1.5,20.3,14.3,67730.0,13.3,79.6,10.6,12.8,65.5,0.7
Northern America,2020,Wildfire,35.4,50.5,49.5,1.4,19.1,15.1,73908.0,13.5,80.6,7.9,8.6,74.3,1.3
Northern America,2021,All,36.7,50.6,49.4,1.3,18.3,16.1,64510.0,13.8,80.6,10.9,8.7,59.3,1.5
Northern America,2021,Conflict,36.5,50.6,49.4,1.4,18.8,16.2,67614.0,14.1,81.3,27.0,10.0,49.9,1.4
Northern America,2021,Disaster,36.7,50.6,49.4,1.3,18.3,16.1,64510.0,13.8,80.6,10.9,8.7,59.3,1.5
Northern America,2021,Extreme temperature,38.1,51.2,48.8,1.3,17.9,17.5,54282.0,13.3,76.4,23.5,12.4,33.3,0.1
Northern America,2021,Flood,40.6,51.0,49.0,1.0,15.5,19.2,46574.0,14.0,81.8,14.9,4.6,40.7,1.2
Northern America,2021,Mass movement,35.6,49.6,50.4,1.4,19.3,13.7,71617.0,13.8,79.4,6.5,4.7,52.6,5.4
Northern America,2021,Storm,35.2,50.8,49.2,1.4,19.3,15.1,73908.0,13.3,79.2,9.6,7.1,67.8,0.3
Northern America,2021,WeatherDisaster,36.7,50.6,49.4,1.3,18.3,16.1,64510.0,13.8,80.6,10.9,8.7,59.3,1.5
Northern America,2021,Wildfire,36.6,50.4,49.6,1.3,18.4,16.0,66451.0,13.9,81.1,10.7,10.1,58.9,2.2
Northern America,2022,All,38.2,51.1,48.9,1.2,17.4,19.1,49537.0,13.5,79.7,10.2,7.4,64.2,1.8
Northern America,2022,Disaster,38.2,51.1,48.9,1.2,17.4,19.1,49537.0,13.5,79.7,10.2,7.4,64.2,1.8
Northern America,2022,Earthquake,34.7,50.5,49.5,1.4,19.5,14.4,73908.0,13.3,81.0,4.1,5.5,84.6,0.5
Northern America,2022,Extreme temperature,33.9,50.7,49.3,1.5,21.3,13.6,67730.0,13.2,78.5,12.6,16.8,57.8,0.0
Northern America,2022,Flood,37.5,51.1,48.9,1.3,18.2,17.2,54346.0,13.5,78.4,25.5,8.2,42.1,1.1
Northern America,2022,Mass movement,34.9,50.5,49.5,1.4,19.3,14.6,73908.0,13.3,81.1,4.7,5.4,82.8,0.5
Northern America,2022,Storm,39.9,51.3,48.7,1.2,16.4,21.2,49537.0,13.6,79.6,9.3,4.5,64.8,0.6
Northern America,2022,Volcanic activity,38.2,50.1,49.9,1.3,17.4,18.0,64510.0,13.8,81.5,6.2,11.7,61.3,0.6
Northern America,2022,WeatherDisaster,38.3,51.1,48.9,1.2,17.4,19.1,49537.0,13.5,79.7,10.2,7.4,64.1,1.8
Northern America,2022,Wildfire,35.7,50.6,49.4,1.4,19.2,15.5,71617.0,13.4,79.9,9.6,12.5,66.0,4.0
Northern America,2023,All,38.1,50.8,49.2,1.2,17.2,17.3,53456.0,13.6,81.4,8.8,4.7,51.6,2.8
Northern America,2023,Disaster,38.1,50.8,49.2,1.2,17.2,17.3,53456.0,13.6,81.4,8.8,4.7,51.6,2.8
Northern America,2023,Extreme temperature,37.3,51.3,48.7,1.3,18.4,17.7,54346.0,13.6,77.7,27.6,9.5,44.8,0.1
Northern America,2023,Flood,40.7,51.3,48.7,1.1,15.6,19.9,40265.0,13.6,81.4,11.7,2.8,44.6,0.7
Northern America,2023,Mass movement,35.3,50.5,49.5,1.4,19.1,15.2,73908.0,13.5,81.3,7.0,5.5,73.9,1.5
Northern America,2023,Storm,35.6,50.7,49.3,1.3,18.9,15.7,73908.0,13.3,80.6,6.1,5.7,78.4,0.5
Northern America,2023,WeatherDisaster,38.1,50.8,49.2,1.2,17.2,17.3,53456.0,13.6,81.4,8.8,4.7,51.6,2.8
Northern America,2023,Wildfire,39.6,50.9,49.1,1.1,16.3,18.0,46574.0,13.8,81.9,10.3,4.2,36.1,4.3
Northern America,2024,All,34.3,50.6,49.4,1.5,20.6,14.3,67730.0,13.3,79.0,12.2,14.8,62.4,0.7
Northern America,2024,Disaster,34.3,50.6,49.4,1.5,20.6,14.3,67730.0,13.3,79.0,12.2,14.8,62.4,0.7
Northern America,2024,Earthquake,37.7,51.7,48.3,1.3,17.9,16.8,71941.0,14.0,80.5,3.4,1.6,85.6,0.0
Northern America,2024,Flood,34.8,50.5,49.5,1.4,19.4,14.5,73908.0,13.3,81.0,4.4,5.5,83.7,0.5
Northern America,2024,Mass movement,34.7,50.5,49.5,1.4,19.5,14.4,73908.0,13.3,81.0,4.1,5.5,84.6,0.5
Northern America,2024,Storm,38.1,51.4,48.6,1.3,17.6,18.3,55111.0,13.5,78.7,11.7,5.5,62.1,0.2
Northern America,2024,WeatherDisaster,34.3,50.6,49.4,1.5,20.6,14.3,67730.0,13.3,78.9,12.2,14.9,62.4,0.7
Northern America,2024,Wildfire,34.0,50.6,49.4,1.5,21.0,14.2,67730.0,13.2,78.2,15.0,18.5,54.6,0.7
Oceania,2018,All,24.6,49.3,50.7,2.3,32.2,6.0,2626.0,4.2,69.2,7.5,4.6,8.9,1.5
Oceania,2018,Disaster,24.6,49.3,50.7,2.3,32.2,6.0,2626.0,4.2,69.2,7.5,4.6,8.9,1.5
Oceania,2018,Earthquake,22.3,49.1,50.9,2.5,34.9,4.1,2626.0,2.2,66.4,3.0,1.2,2.0,0.0
Oceania,2018,Flood,23.3,49.6,50.4,2.4,35.2,6.7,2632.0,6.9,72.5,3.7,6.6,5.1,2.3
Oceania,2018,Mass movement,22.4,49.6,50.4,2.7,36.8,6.8,2076.0,5.9,70.2,2.5,1.2,0.5,0.0
Oceania,2018,Storm,29.9,48.7,51.3,1.7,25.8,7.5,42708.0,12.7,78.4,41.4,19.3,14.0,1.1
Oceania,2018,Volcanic activity,22.8,49.6,50.4,2.6,36.2,6.1,2192.0,6.1,69.5,4.9,0.1,0.3,0.0
Oceania,2018,WeatherDisaster,31.8,49.4,50.6,1.6,24.2,10.3,44988.0,11.9,80.9,22.0,17.0,33.6,5.8
Oceania,2018,Wildfire,35.8,50.4,49.6,1.4,20.3,15.1,44988.0,12.5,82.8,3.3,15.7,58.2,13.8
Oceania,2018-2024,All,27.7,49.7,50.3,2.0,28.9,9.0,4169.0,7.9,73.4,12.8,8.0,23.3,3.8
Oceania,2018-2024,Conflict,22.3,49.1,50.9,2.5,34.8,4.1,3426.0,3.0,62.3,4.5,1.1,1.2,0.1
Oceania,2018-2024,Disaster,28.4,49.7,50.3,2.0,28.2,9.6,4837.0,8.5,74.9,13.8,8.8,25.9,4.2
Oceania,2018-2024,Earthquake,26.1,49.8,50.2,2.2,30.2,8.5,2626.0,5.4,71.1,5.0,11.8,7.7,1.7
Oceania,2018-2024,Erosion,37.9,50.7,49.3,1.3,19.6,18.0,41065.0,12.0,81.5,0.5,59.6,21.8,1.5
Oceania,2018-2024,Flood,33.8,50.4,49.6,1.6,22.4,14.4,48048.0,11.3,79.9,4.5,9.2,53.1,11.3
Oceania,2018-2024,Mass movement,23.0,49.3,50.7,2.5,34.2,5.0,6167.0,5.7,66.7,11.3,2.7,5.3,0.4
Oceania,2018-2024,Storm,25.9,49.2,50.8,2.2,31.5,6.8,2448.0,7.3,72.0,27.7,9.7,9.7,1.4
Oceania,2018-2024,Volcanic activity,22.4,49.2,50.8,2.5,35.2,4.5,4837.0,6.0,68.5,2.8,0.2,1.4,0.0
Oceania,2018-2024,Wave action,22.3,49.1,50.9,2.5,34.9,4.1,4169.0,6.4,68.6,1.4,0.3,2.8,0.0
Oceania,2018-2024,WeatherDisaster,29.9,49.8,50.2,1.9,26.7,10.6,42708.0,9.9,77.2,17.6,9.2,34.2,5.5
Oceania,2018-2024,Wildfire,36.4,50.8,49.2,1.3,19.1,16.4,42708.0,12.7,83.3,5.5,8.1,73.5,10.3
Oceania,2019,All,28.8,49.7,50.3,1.9,27.3,9.7,34275.0,9.4,75.2,6.6,5.9,33.7,7.7
Oceania,2019,Conflict,23.7,49.3,50.7,2.4,32.9,5.4,2626.0,4.8,69.7,2.2,1.3,8.8,2.1
Oceania,2019,Disaster,29.0,49.7,50.3,1.9,27.2,9.8,34539.0,9.5,75.3,6.7,6.0,34.3,7.8
Oceania,2019,Earthquake,22.3,49.1,50.9,2.5,34.9,4.1,6167.0,6.1,65.5,11.8,1.2,4.5,0.0
Oceania,2019,Flood,34.3,50.3,49.7,1.5,21.8,14.0,44988.0,11.7,80.9,4.3,16.2,49.8,10.7
Oceania,2019,Mass movement,25.7,49.0,51.0,2.1,30.7,5.5,3872.0,5.0,67.6,25.0,10.3,6.1,0.0
Oceania,2019,Storm,28.6,48.5,51.5,1.9,28.0,6.5,64732.0,9.8,74.5,23.6,15.7,13.9,6.2
Oceania,2019,Volcanic activity,22.3,49.1,50.9,2.5,34.9,4.1,4837.0,6.1,67.6,2.7,0.2,2.8,0.0
Oceania,2019,WeatherDisaster,34.3,50.1,49.9,1.5,21.9,13.8,48048.0,12.3,81.7,9.2,9.9,56.2,13.2
Oceania,2019,Wildfire,36.8,50.7,49.3,1.3,19.3,16.9,48048.0,12.7,83.0,3.9,7.3,73.0,16.3
Oceania,2020,All,27.5,49.6,50.4,2.1,29.6,8.9,2448.0,8.6,74.8,21.5,6.3,25.4,2.7
Oceania,2020,Conflict,32.5,49.7,50.3,1.5,22.0,10.4,,,80.4,0.0,0.4,2.1,6.4
Oceania,2020,Disaster,27.5,49.6,50.4,2.1,29.6,8.9,2448.0,8.6,74.8,21.5,6.3,25.5,2.7
Oceania,2020,Flood,31.9,50.2,49.8,1.7,24.4,13.1,41065.0,9.8,76.5,7.0,19.9,36.2,7.3
Oceania,2020,Mass movement,26.5,49.7,50.3,2.1,29.6,8.4,6167.0,7.8,72.1,10.1,3.3,27.8,5.8
Oceania,2020,Storm,23.6,49.0,51.0,2.5,34.6,5.4,2448.0,6.3,69.9,28.9,5.2,3.0,0.0
Oceania,2020,Wave action,22.3,49.1,50.9,2.5,34.9,4.1,4169.0,6.2,69.6,0.7,0.2,1.6,0.0
Oceania,2020,WeatherDisaster,27.5,49.6,50.4,2.1,29.6,8.9,2448.0,8.6,74.8,21.5,6.3,25.4,2.7
Oceania,2020,Wildfire,36.4,50.9,49.1,1.3,18.8,16.5,42708.0,12.7,83.5,6.3,7.1,76.1,8.2
Oceania,2021,All,34.5,50.5,49.5,1.5,22.0,14.6,48048.0,11.6,80.5,9.1,17.3,40.4,8.7
Oceania,2021,Conflict,22.3,49.1,50.9,2.5,34.9,4.1,3444.0,3.5,64.6,10.6,1.6,1.1,0.0
Oceania,2021,Disaster,35.9,50.6,49.4,1.4,20.8,15.6,48048.0,12.6,82.3,9.0,18.8,44.2,9.6
Oceania,2021,Earthquake,37.9,51.1,48.9,1.4,20.5,17.7,28394.0,12.4,81.5,3.3,33.6,19.7,5.2
Oceania,2021,Flood,36.9,50.7,49.3,1.3,19.4,17.0,48048.0,12.7,83.0,3.9,8.3,70.1,15.9
Oceania,2021,Mass movement,22.7,49.2,50.8,2.5,34.3,4.3,4653.0,4.2,68.9,10.0,2.5,5.2,0.0
Oceania,2021,Storm,31.2,49.5,50.5,1.6,24.3,9.5,48048.0,12.8,81.5,29.7,15.7,30.9,4.4
Oceania,2021,WeatherDisaster,35.1,50.3,49.7,1.4,20.9,14.5,48048.0,12.7,82.8,12.1,10.6,57.8,12.0
Oceania,2021,Wildfire,36.0,50.1,49.9,1.3,19.4,15.1,63106.0,12.7,83.3,6.7,10.8,66.9,4.2
Oceania,2022,All,24.3,49.4,50.6,2.3,32.2,6.0,3426.0,4.7,65.6,7.6,3.4,10.1,1.3
Oceania,2022,Conflict,22.3,49.1,50.9,2.5,34.9,4.1,3426.0,2.9,61.9,3.8,1.1,1.0,0.0
Oceania,2022,Disaster,28.9,49.8,50.2,1.9,27.0,9.7,6167.0,8.7,74.0,14.9,7.9,27.4,3.9
Oceania,2022,Earthquake,22.3,49.1,50.9,2.5,34.9,4.1,6167.0,5.0,64.6,15.3,1.6,2.5,0.0
Oceania,2022,Flood,33.8,50.4,49.6,1.6,22.4,14.3,42708.0,10.9,79.6,4.3,7.6,47.9,7.6
Oceania,2022,Mass movement,22.4,49.2,50.8,2.5,34.8,4.1,6167.0,5.8,65.4,15.5,1.7,4.0,0.0
Oceania,2022,Storm,28.9,49.1,50.9,1.8,26.7,6.7,4249.0,8.0,73.9,42.4,18.4,11.9,0.6
Oceania,2022,WeatherDisaster,32.4,50.0,50.0,1.6,23.5,12.2,42708.0,10.8,79.4,14.7,10.7,38.2,5.6
Oceania,2022,Wildfire,34.2,50.0,50.0,1.5,22.0,14.0,63106.0,11.3,80.3,7.0,13.7,51.5,3.3
Oceania,2023,All,26.1,49.6,50.4,2.1,30.2,7.7,5183.0,7.7,72.4,7.6,11.4,12.5,2.2
Oceania,2023,Conflict,22.3,49.1,50.9,2.5,34.9,4.1,3426.0,2.6,59.9,1.5,0.8,0.6,0.0
Oceania,2023,Disaster,26.2,49.6,50.4,2.1,30.1,7.8,5183.0,7.9,72.8,7.8,11.7,12.8,2.2
Oceania,2023,Earthquake,22.8,49.0,51.0,2.5,33.9,4.0,3950.0,5.2,66.7,21.3,1.0,1.2,0.0
Oceania,2023,Flood,25.2,49.4,50.6,2.2,31.1,6.5,5183.0,7.5,71.5,3.7,4.6,14.3,2.9
Oceania,2023,Mass movement,35.2,51.5,48.5,1.4,20.1,15.5,36788.0,13.1,82.6,1.7,31.1,49.6,3.5
Oceania,2023,Storm,31.6,50.2,49.8,1.7,24.9,12.1,36788.0,11.1,79.4,13.6,28.1,23.9,4.0
Oceania,2023,Volcanic activity,22.3,49.1,50.9,2.5,34.9,4.1,5183.0,5.9,68.7,1.5,0.1,0.7,0.0
Oceania,2023,WeatherDisaster,29.5,50.0,50.0,1.8,26.7,10.4,36788.0,9.8,76.6,10.2,20.2,21.8,3.8
Oceania,2023,Wildfire,35.9,50.4,49.6,1.4,20.1,15.1,44988.0,12.5,82.9,4.1,14.2,60.3,11.3
Oceania,2024,All,26.6,49.6,50.4,2.1,29.5,8.2,3950.0,6.9,69.7,6.4,4.2,24.9,4.7
Oceania,2024,Conflict,22.3,49.1,50.9,2.5,34.9,4.1,3426.0,2.6,59.9,1.5,0.8,0.6,0.0
Oceania,2024,Disaster,28.4,49.8,50.2,2.0,27.5,9.7,4784.0,8.5,73.4,8.2,5.5,33.9,6.5
Oceania,2024,Earthquake,22.3,49.1,50.9,2.5,34.9,4.1,3950.0,4.5,64.8,10.7,1.7,0.0,0.0
Oceania,2024,Erosion,37.9,50.7,49.3,1.3,19.6,18.0,41065.0,12.0,81.5,0.5,59.6,21.8,1.5
Oceania,2024,Flood,29.7,49.5,50.5,1.7,25.9,8.7,42708.0,10.6,79.9,34.9,13.5,25.0,2.4
Oceania,2024,Mass movement,22.3,49.1,50.9,2.5,34.9,4.1,4784.0,4.4,64.3,7.6,1.3,0.2,0.0
Oceania,2024,Storm,35.9,50.5,49.5,1.4,19.8,15.7,48048.0,12.7,82.5,3.2,8.8,71.2,18.0
Oceania,2024,Wave action,22.3,49.1,50.9,2.5,34.9,4.1,4085.0,6.9,66.0,3.7,0.6,6.2,0.0
Oceania,2024,WeatherDisaster,35.7,50.6,49.4,1.4,19.9,15.5,48048.0,12.6,82.6,6.1,9.5,68.7,13.1
Oceania,2024,Wildfire,36.6,50.9,49.1,1.3,18.7,16.7,42708.0,12.8,83.4,6.5,10.2,72.9,7.0
Sub-Saharan Africa,2018,All,17.2,50.6,49.4,3.7,44.8,3.0,1981.0,4.1,62.7,25.5,21.6,5.3,49.2
Sub-Saharan Africa,2018,Conflict,17.1,50.8,49.2,3.7,44.9,3.0,1955.0,4.0,62.2,26.5,15.7,4.9,52.7
Sub-Saharan Africa,2018,Disaster,17.4,50.0,50.0,3.7,44.3,2.9,2062.0,4.4,64.0,22.9,36.6,6.3,40.3
Sub-Saharan Africa,2018,Drought,17.6,50.5,49.5,4.0,44.2,2.8,1232.0,4.5,63.9,10.1,59.1,0.7,3.1
Sub-Saharan Africa,2018,Earthquake,16.6,51.2,48.8,3.5,45.3,2.7,1497.0,4.4,60.4,9.7,46.3,6.0,0.0
Sub-Saharan Africa,2018,Flood,17.5,50.0,50.0,3.7,44.3,2.9,2062.0,4.4,64.1,22.1,37.3,6.0,40.1
Sub-Saharan Africa,2018,Mass movement,18.2,50.2,49.8,3.3,42.4,3.0,3737.0,5.9,64.5,55.9,16.1,4.0,37.3
Sub-Saharan Africa,2018,Mix disasters,14.5,50.4,49.6,4.5,50.9,2.2,1075.0,1.7,62.4,73.9,10.8,4.8,86.2
Sub-Saharan Africa,2018,Storm,17.2,50.3,49.7,3.7,44.4,2.9,1110.0,5.1,62.6,26.6,29.8,11.1,41.2
Sub-Saharan Africa,2018,WeatherDisaster,17.4,50.0,50.0,3.7,44.3,2.9,2062.0,4.4,64.0,22.3,37.0,6.3,40.2
Sub-Saharan Africa,2018-2024,All,17.0,51.1,48.9,3.5,45.1,3.0,1155.0,5.1,62.1,27.8,29.5,7.5,32.0
Sub-Saharan Africa,2018-2024,Conflict,16.8,51.7,48.3,3.5,45.4,3.1,1155.0,5.4,62.1,30.4,23.5,8.5,33.9
Sub-Saharan Africa,2018-2024,Disaster,17.3,49.9,50.1,3.6,44.4,3.0,1312.0,4.4,62.1,22.2,42.4,5.4,27.9
Sub-Saharan Africa,2018-2024,Drought,17.0,49.0,51.0,3.7,45.1,2.7,810.0,3.0,60.5,7.1,62.3,1.5,26.2
Sub-Saharan Africa,2018-2024,Earthquake,17.6,51.3,48.7,2.8,42.4,2.7,2021.0,4.2,66.6,53.4,10.5,7.5,29.1
Sub-Saharan Africa,2018-2024,Erosion,16.7,52.8,47.2,3.9,46.1,3.2,710.0,6.6,62.5,6.2,7.7,0.8,0.0
Sub-Saharan Africa,2018-2024,Flood,17.3,49.8,50.2,3.5,44.4,3.0,1307.0,4.4,62.1,21.4,42.7,5.3,31.2
Sub-Saharan Africa,2018-2024,Mass movement,17.4,50.8,49.2,3.4,44.2,3.0,1979.0,5.7,64.6,43.0,18.4,6.9,31.8
Sub-Saharan Africa,2018-2024,Mix disasters,17.2,51.2,48.8,3.7,44.7,3.0,1075.0,3.9,61.6,43.9,19.0,3.2,16.9
Sub-Saharan Africa,2018-2024,Storm,17.6,50.8,49.2,3.5,43.7,3.0,1519.0,4.5,63.2,31.3,38.0,4.3,3.9
Sub-Saharan Africa,2018-2024,Volcanic activity,16.2,51.0,49.0,4.4,46.6,2.8,1110.0,6.3,63.1,29.2,21.3,21.8,35.6
Sub-Saharan Africa,2018-2024,Wave action,20.7,50.0,50.0,2.5,37.0,4.0,5259.0,8.7,59.6,33.1,21.8,8.8,3.1
Sub-Saharan Africa,2018-2024,WeatherDisaster,17.3,49.9,50.1,3.5,44.3,3.0,1373.0,4.3,62.1,21.9,43.0,5.0,27.8
Sub-Saharan Africa,2018-2024,Wildfire,18.5,50.3,49.7,3.6,42.5,3.5,762.0,4.5,59.1,12.0,53.5,8.7,15.1
Sub-Saharan Africa,2019,All,17.4,50.1,49.9,3.5,44.1,3.0,1416.0,4.2,62.1,24.6,37.3,5.7,35.3
Sub-Saharan Africa,2019,Conflict,17.1,50.6,49.4,3.6,44.9,2.9,1479.0,4.5,61.1,28.9,26.8,9.0,57.5
Sub-Saharan Africa,2019,Disaster,17.7,49.8,50.2,3.4,43.6,3.1,1362.0,3.9,62.7,21.7,44.4,3.5,20.4
Sub-Saharan Africa,2019,Drought,18.0,46.6,53.4,2.7,41.7,2.1,1955.0,2.6,63.3,4.7,35.1,0.4,65.7
Sub-Saharan Africa,2019,Earthquake,20.1,49.9,50.1,2.9,39.0,2.8,3737.0,6.4,64.7,39.8,17.9,6.6,24.4
Sub-Saharan Africa,2019,Flood,17.8,49.4,50.6,3.4,43.5,3.1,810.0,3.8,63.0,21.1,44.3,3.1,26.5
Sub-Saharan Africa,2019,Mass movement,16.7,50.5,49.5,3.6,45.8,3.7,1765.0,5.4,64.1,30.7,24.4,5.5,24.7
Sub-Saharan Africa,2019,Mix disasters,15.6,53.5,46.5,4.6,48.3,2.7,672.0,5.7,53.8,17.0,14.7,3.5,1.4
Sub-Saharan Africa,2019,Storm,17.4,50.9,49.1,3.3,43.8,3.0,1544.0,4.3,62.1,24.2,45.4,4.7,1.2
Sub-Saharan Africa,2019,WeatherDisaster,17.7,49.8,50.2,3.4,43.6,3.1,1362.0,3.9,62.8,21.7,44.5,3.5,20.4
Sub-Saharan Africa,2019,Wildfire,19.2,51.3,48.7,3.4,41.2,4.0,762.0,4.9,57.2,14.3,45.6,8.4,3.2
Sub-Saharan Africa,2020,All,17.6,50.4,49.6,3.5,44.0,3.0,1110.0,4.6,62.1,27.0,33.8,8.1,35.8
Sub-Saharan Africa,2020,Conflict,17.7,51.2,48.8,3.4,43.7,3.1,1110.0,4.9,62.4,32.6,26.8,9.3,37.3
Sub-Saharan Africa,2020,Disaster,17.3,49.3,50.7,3.6,44.4,2.8,1110.0,4.2,61.6,19.2,43.4,6.6,33.7
Sub-Saharan Africa,2020,Flood,17.3,49.2,50.8,3.6,44.4,2.8,1110.0,4.2,61.6,19.0,43.9,6.8,34.8
Sub-Saharan Africa,2020,Mass movement,18.7,50.3,49.7,3.1,41.4,3.0,3737.0,6.3,64.3,39.8,16.7,5.0,45.2
Sub-Saharan Africa,2020,Mix disasters,16.9,50.9,49.1,3.7,45.3,2.6,1544.0,4.2,62.9,53.4,26.3,2.9,7.5
Sub-Saharan Africa,2020,Storm,16.4,51.0,49.0,4.1,46.6,2.5,1580.0,6.4,62.1,8.3,40.4,3.3,9.5
Sub-Saharan Africa,2020,WeatherDisaster,17.3,49.3,50.7,3.6,44.4,2.8,1110.0,4.2,61.6,18.7,43.8,6.7,34.0
Sub-Saharan Africa,2020,Wildfire,16.7,49.8,50.2,4.1,45.9,2.9,762.0,2.9,56.9,6.8,70.9,1.2,13.6
Sub-Saharan Africa,2021,All,16.7,51.4,48.6,3.6,45.7,3.0,953.0,5.6,60.6,27.6,23.2,5.9,27.2
Sub-Saharan Africa,2021,Conflict,16.7,51.5,48.5,3.6,45.8,3.0,934.0,5.7,60.6,28.0,21.6,5.5,26.3
Sub-Saharan Africa,2021,Disaster,17.0,50.5,49.5,3.8,45.2,3.0,1110.0,4.7,61.2,25.1,35.5,8.6,34.4
Sub-Saharan Africa,2021,Drought,16.6,49.5,50.5,4.0,46.2,2.9,762.0,2.3,64.8,4.2,74.0,1.0,10.1
Sub-Saharan Africa,2021,Earthquake,17.6,51.3,48.7,2.8,42.3,2.7,2021.0,4.2,66.8,55.0,9.2,7.6,30.2
Sub-Saharan Africa,2021,Flood,17.2,50.3,49.7,3.7,44.8,3.0,1077.0,4.5,60.3,25.9,36.1,5.6,37.9
Sub-Saharan Africa,2021,Mass movement,16.5,52.4,47.6,3.6,46.0,3.1,1155.0,6.2,64.5,36.0,16.7,14.8,24.5
Sub-Saharan Africa,2021,Mix disasters,17.9,52.4,47.6,3.2,43.0,3.0,1155.0,5.3,62.9,24.3,16.0,11.4,22.4
Sub-Saharan Africa,2021,Storm,17.3,51.0,49.0,3.4,44.4,3.0,1544.0,5.4,63.0,24.0,32.9,13.7,12.0
Sub-Saharan Africa,2021,Volcanic activity,16.2,51.0,49.0,4.4,46.6,2.8,1110.0,6.3,63.1,29.2,21.3,21.8,35.6
Sub-Saharan Africa,2021,WeatherDisaster,17.2,50.3,49.7,3.7,44.9,3.0,1077.0,4.3,60.8,24.1,38.9,5.7,34.2
Sub-Saharan Africa,2021,Wildfire,17.1,50.6,49.4,3.8,45.0,3.2,2062.0,3.0,66.3,39.9,9.8,1.8,77.6
Sub-Saharan Africa,2022,All,17.0,51.7,48.3,3.4,44.9,3.2,1155.0,5.5,62.8,33.2,24.6,11.7,37.5
Sub-Saharan Africa,2022,Conflict,16.7,52.3,47.7,3.5,45.5,3.2,1155.0,5.6,63.9,34.1,23.8,12.9,36.6
Sub-Saharan Africa,2022,Disaster,17.9,49.9,50.1,3.3,43.1,3.2,1900.0,5.4,59.8,30.7,26.9,8.3,39.8
Sub-Saharan Africa,2022,Drought,17.2,48.3,51.7,3.5,44.6,2.5,810.0,2.8,60.1,4.7,60.5,0.4,37.9
Sub-Saharan Africa,2022,Flood,18.0,50.1,49.9,3.3,42.8,3.3,2628.0,5.9,59.2,33.6,21.3,10.2,46.0
Sub-Saharan Africa,2022,Mass movement,16.4,50.3,49.7,3.7,46.2,2.7,1765.0,5.3,63.9,60.1,10.5,8.2,37.1
Sub-Saharan Africa,2022,Mix disasters,18.8,50.9,49.1,3.1,41.1,4.0,1908.0,2.7,61.2,31.3,6.1,1.7,30.4
Sub-Saharan Africa,2022,Storm,17.8,50.6,49.4,3.5,43.4,2.9,1307.0,4.3,63.3,36.4,32.7,3.9,2.4
Sub-Saharan Africa,2022,WeatherDisaster,17.9,49.9,50.1,3.3,43.1,3.2,1900.0,5.4,59.8,30.7,27.0,8.4,39.9
Sub-Saharan Africa,2023,All,16.9,50.8,49.2,3.6,45.2,3.0,1155.0,4.2,63.4,23.2,43.5,5.4,27.4
Sub-Saharan Africa,2023,Conflict,16.8,52.0,48.0,3.5,45.4,3.1,1155.0,4.8,63.3,31.6,27.9,10.4,40.2
Sub-Saharan Africa,2023,Disaster,17.0,50.0,50.0,3.6,45.1,3.0,1429.0,3.8,63.4,17.9,53.3,2.3,19.4
Sub-Saharan Africa,2023,Drought,16.8,49.9,50.1,4.0,45.8,3.0,810.0,3.6,58.3,12.0,62.1,3.6,14.2
Sub-Saharan Africa,2023,Erosion,16.7,52.8,47.2,3.9,46.1,3.2,710.0,6.6,62.5,6.2,7.7,0.8,0.0
Sub-Saharan Africa,2023,Flood,16.9,49.9,50.1,3.6,45.2,3.0,1170.0,3.8,63.6,15.4,55.6,2.1,22.0
Sub-Saharan Africa,2023,Mass movement,16.4,50.1,49.9,3.8,46.4,2.8,2339.0,4.7,65.0,45.0,26.9,1.1,21.1
Sub-Saharan Africa,2023,Storm,17.5,50.9,49.1,3.5,43.9,3.0,1519.0,4.2,63.5,35.9,36.1,3.2,3.7
Sub-Saharan Africa,2023,Wave action,20.7,50.0,50.0,2.5,37.0,4.0,5259.0,8.7,59.6,33.1,21.8,8.8,3.1
Sub-Saharan Africa,2023,WeatherDisaster,17.0,50.0,50.0,3.6,45.1,3.0,1429.0,3.8,63.4,17.9,53.4,2.3,19.4
Sub-Saharan Africa,2023,Wildfire,27.5,50.9,49.1,1.8,27.7,6.1,22160.0,11.7,67.8,12.7,22.4,44.4,0.0
Sub-Saharan Africa,2024,All,17.0,51.9,48.1,3.5,45.0,3.1,1155.0,5.7,63.6,31.4,27.6,13.1,28.5
Sub-Saharan Africa,2024,Conflict,16.7,52.2,47.8,3.5,45.5,3.1,1155.0,5.7,63.6,33.3,28.4,13.3,33.7
Sub-Saharan Africa,2024,Disaster,18.0,51.1,48.9,3.4,43.3,3.2,1077.0,5.5,63.6,25.7,25.2,12.6,12.7
Sub-Saharan Africa,2024,Drought,18.1,49.5,50.5,3.2,42.3,3.2,2302.0,2.9,64.7,27.2,26.1,1.2,31.1
Sub-Saharan Africa,2024,Flood,17.5,51.3,48.7,3.5,44.5,3.0,953.0,5.8,62.8,23.5,18.9,16.2,15.9
Sub-Saharan Africa,2024,Mass movement,17.6,51.2,48.8,2.8,42.5,2.8,2021.0,4.2,66.8,54.6,9.9,7.4,30.1
Sub-Saharan Africa,2024,Storm,19.4,50.5,49.5,3.1,40.0,3.8,1822.0,5.1,65.9,31.7,44.4,2.9,0.8
Sub-Saharan Africa,2024,WeatherDisaster,18.0,51.1,48.9,3.4,43.3,3.2,1077.0,5.5,63.6,25.5,25.2,12.6,12.6
Sub-Saharan Africa,2024,Wildfire,25.1,50.4,49.6,2.3,31.2,5.2,22160.0,10.0,65.2,10.3,26.9,40.6,0.0
